school_name,district_name,date,school_year,year,time,day_of_week,city,state,school_type,enrollment,killed,injured,casualties,shooting_type,age_shooter1,gender_shooter1,race_ethnicity_shooter1,shooter_relationship1,shooter_deceased1,resource_officer,weapon,weapon_source,lat,long,staffing,low_grade,high_grade,lunch,county,ulocale,presence_second_shooter
Columbine High School,Jefferson County R-1,4/20/1999,1998-1999,1999,11:19:00,Tuesday,Littleton,Colorado,public,1965,13,21,34,indiscriminate,18,m,w,student,1.0,1,"12-gauge Savage-Springfield 67H pump-action shotgun, Hi-Point 995 Carbine 9 mm carbine, 9_19mm Intratec TEC-9 semi-automatic handgun, 12-gauge Stevens 311D double-barreled sawed-off shotgun",purchased from friends,39.60391,-105.075,89.6,9,12,41.0,Jefferson County,21.0,1
Scotlandville Middle School,East Baton Rouge Parish School Board,4/22/1999,1998-1999,1999,12:30:00,Thursday,Baton Rouge,Louisiana,public,588,0,1,1,targeted,14,m,Unknown,former student (expelled),0.0,0,.22 caliber pistol,Unknown,30.529958,-91.169966,39.0,6,8,495.0,East Baton Rouge Parish,12.0,0
Heritage High School,Rockdale County,5/20/1999,1998-1999,1999,08:03:00,Thursday,Conyers,Georgia,public,1369,0,6,6,indiscriminate,15,m,w,student,0.0,1,".22 caliber rifle, 357-caliber Magnum handgun",Unknown,33.626922,-84.04796,84.0,9,12,125.0,Rockdale County,21.0,0
John Bartram High School,Philadelphia City SD,10/4/1999,1999-2000,1999,10:00:00,Monday,Philadelphia,Pennsylvania,public,3147,0,1,1,targeted,17,m,Unknown,student,0.0,1,RG .25-caliber pistol,purchased from friend,39.921509,-75.234108,41.0,9,12,2007.0,Philadelphia County,11.0,0
Dorchester High School,Boston,11/3/1999,1999-2000,1999,07:40:00,Wednesday,Boston,Massachusetts,public,1116,0,1,1,targeted,19,m,Unknown,Unknown,0.0,0,Unknown,Unknown,42.285268,-71.075901,55.3,9,12,543.0,Suffolk County,11.0,0
Deming Middle School,Deming Public Schools,11/19/1999,1999-2000,1999,12:45:00,Friday,Deming,New Mexico,public,753,1,0,1,accidental or targeted,12,m,h,student,0.0,0,.22-caliber Colt revolver,home,32.261547,-107.762986,44.0,6,7,502.0,Luna County,33.0,0
Fort Gibson Middle School,Fort Gibson,12/6/1999,1999-2000,1999,07:45:00,Monday,Fort Gibson,Oklahoma,public,407,0,5,5,indiscriminate,13,m,ai,student,0.0,0,Taurus 9mm pistol,father,35.795556,-95.241921,25.4,6,8,146.0,Muskogee County,32.0,0
Ridgewood High School,Pasco,1/19/2000,1999-2000,2000,15:00:00,Wednesday,New Port Richey,Florida,public,1852,1,0,1,accidental,16,m,w,student,0.0,1,.22-caliber Magnum handgun,stolen,28.273253,-82.687231,85.0,9,12,654.0,Pasco County,21.0,0
Alicia Reyes Elementary School,Merced City Elementary,1/26/2000,1999-2000,2000,08:34:00,Wednesday,Merced,California,public,734,0,0,0,targeted,13,m,Unknown,no connection,0.0,0,.22 caliber revolver,Unknown,37.286387,-120.494808,36.0,KG,5,643.0,Merced County,13.0,0
Duke Ellington Elementary School,City of Chicago School District 299,2/14/2000,1999-2000,2000,,Monday,Chicago,Illinois,public,736,0,1,1,accidental,11,m,Unknown,student,0.0,0,Unknown,Unknown,41.885272,-87.766042,37.0,PK,6,488.0,Cook County,11.0,0
Horn Lake High School,Desoto County School District,2/22/2000,1999-2000,2000,,Tuesday,Horn Lake,Mississippi,public,1197,0,0,0,targeted,19,m,Unknown,Unknown,0.0,0,handgun,Unknown,34.948919,-90.035423,65.0,9,12,324.0,DeSoto County,21.0,0
Tecumseh High School,Tecumseh,2/24/2000,1999-2000,2000,09:00:00,Thursday,Tecumseh,Oklahoma,public,711,0,0,0,targeted,19,m,Unknown,former boyfriend of student,0.0,0,Unknown,Unknown,35.255494,-96.943184,45.5,9,12,184.0,Pottawatomie County,32.0,0
Buell Elementary School,Beecher Community School District,2/29/2000,1999-2000,2000,10:00:00,Tuesday,Mount Morris Township,Michigan,public,459,1,0,1,targeted,6,m,b,student,0.0,0,.32-caliber semiautomatic handgun,"uncle's friend, found in open shoebox",43.079604,-83.706037,20.0,KG,4,421.0,Genesee County,21.0,0
Hugo High School,Hugo,4/6/2000,1999-2000,2000,12:00:00,Thursday,Hugo,Oklahoma,public,499,0,1,1,targeted,33,f,Unknown,parent of student,0.0,1,small-caliber pistol,legally purchased by shooter,34.010732,-95.511435,34.7,9,12,236.0,Choctaw County,33.0,0
Carmichael Elementary School,Sierra Vista Unified District,5/10/2000,1999-2000,2000,13:30:00,Wednesday,Sierra Vista,Arizona,public,397,1,0,1,targeted,39,m,Unknown,spouse of teacher,1.0,0,Unknown,Unknown,31.56269,-110.29924,24.5,KG,5,488.0,Cochise County,13.0,0
Lake Worth Middle School,Palm Beach County School District,5/26/2000,1999-2000,2000,15:00:00,Friday,Lake Worth,Florida,public,1525,1,0,1,targeted,13,m,b,student,0.0,0,.25-caliber handgun,grandfather,26.451351,-80.085968,95.0,6,8,1186.0,Palm Beach County,21.0,0
Dimmitt Middle School,Renton,7/17/2000,1999-2000,2000,10:30:00,Monday,Renton,Washington,public,956,0,0,0,indiscriminate,13,m,w,student in summer school,0.0,0,.22-caliber handgun,grandparents,47.493015,-122.233115,42.3,6,8,488.0,King County,21.0,0
Mount Healthy North Junior High,Mount Healthy City SD,9/18/2000,2000-2001,2000,,Monday,Mount Healthy,Ohio,public,341,0,0,0,indiscriminate,14,m,Unknown,student,0.0,1,.380-caliber semiautomatic handgun,relatives,39.251506,-84.555558,22.8,7,8,163.0,Hamilton County,21.0,0
Carter G. Woodson Middle School,Orleans Parish School Board,9/26/2000,2000-2001,2000,12:00:00,Tuesday,New Orleans,Louisiana,public,686,0,1,1,targeted,13,m,Unknown,student,0.0,0,.38-caliber revolver,Unknown,29.939676,-90.090046,45.0,6,8,551.0,Orleans Parish,11.0,0
Hueneme High School,Oxnard Union High,1/10/2001,2000-2001,2001,12:50:00,Wednesday,Oxnard,California,public,2764,0,0,0,targeted,17,m,h,not a student but often hung around the school,1.0,1,handgun,Unknown,34.160149,-119.1822,110.2,9,12,1169.0,Ventura County,12.0,0
Lake Clifton Eastern High School,Baltimore City Public Schools,1/17/2001,2000-2001,2001,08:45:00,Wednesday,Baltimore,Maryland,public,2236,1,0,1,targeted,19,m,Unknown,none,0.0,0,.32-caliber handgun,Unknown,39.316116,-76.590038,126.5,PK,12,914.0,Baltimore City,11.0,0
Pearl C. Anderson Middle School,Dallas ISD,2/6/2001,2000-2001,2001,,Tuesday,Dallas,Texas,public,879,0,1,1,targeted,14,m,Unknown,student (suspended),0.0,1,small revolver,Unknown,32.759323,-96.744389,89.3,7,8,607.0,Dallas County,11.0,0
Santana High School,Grossmont Union High,3/5/2001,2000-2001,2001,09:20:00,Monday,Santee,California,public,1894,2,13,15,indiscriminate,15,m,w,student,0.0,1,.22-caliber revolver,father,32.85756,-116.971045,79.9,9,12,202.0,San Diego County,21.0,0
Bishop Neumann Junior-Senior High,Unknown,3/7/2001,2000-2001,2001,12:00:00,Wednesday,Williamsport,Pennsylvania,private,227,0,1,1,targeted,14,f,w,student,0.0,0,.22-caliber revolver,father,41.249266,-76.996564,21.125,7,12,488.0,Lycoming County,13.0,0
Granite Hills High School,Grossmont Union High,3/22/2001,2000-2001,2001,13:00:00,Thursday,El Cajon,California,public,2846,0,5,5,targeted and indiscriminate,18,m,Unknown,student,0.0,1,Mossberg pump-action 12-gauge shotgun,Unknown,32.800101,-116.916889,112.2,9,12,436.0,San Diego County,21.0,0
Lew Wallace High School,Gary Community School Corp,3/30/2001,2000-2001,2001,08:15:00,Friday,Gary,Indiana,public,1179,1,0,1,targeted,17,m,Unknown,former student (expelled),0.0,1,pistol,Unknown,41.536645,-87.34132,64.0,9,12,446.0,Lake County,13.0,0
Monroe City Alternative Center,City of Monroe School Board,4/20/2001,2000-2001,2001,07:20:00,Friday,Monroe,Louisiana,public,65,0,0,0,targeted,14,m,Unknown,student,0.0,0,.380 caliber semi-automatic pistol,Unknown,32.524187,-92.070624,55.3,9,12,488.0,Ouachita Parish,13.0,0
Ennis High School,Ennis ISD,5/15/2001,2000-2001,2001,12:00:00,Tuesday,Ennis,Texas,public,1279,0,0,0,hostage suicide,16,m,Unknown,student,1.0,0,.357 Magnum pistol,Unknown,32.305062,-96.629758,93.7,9,12,447.0,Ellis County,41.0,0
Belmont High School,Los Angeles Unified,7/30/2001,2000-2001,2001,07:20:00,Monday,Los Angeles,California,public,5264,0,1,1,targeted,19,m,Unknown,Unknown,0.0,1,revolver,Unknown,34.061499,-118.263286,194.3,9,12,4046.0,Los Angeles County,11.0,0
Latonia Elementary School,Covington Independent,9/12/2001,2001-2002,2001,15:00:00,Wednesday,Covington,Kentucky,public,526,1,0,1,targeted,30,f,w,parent of student,0.0,0,.380-caliber semiautomatic pistol,Unknown,39.044149,-84.49833,16.8,KG,5,350.0,Kenton County,21.0,0
Redondo Union High School,Redondo Beach Unified,10/26/2001,2001-2002,2001,10:00:00,Friday,Redondo Beach,California,public,2069,0,1,1,accidental,16,m,Unknown,student,0.0,0,.38-caliber handgun,Unknown,33.844274,-118.384456,94.4,9,12,465.0,Los Angeles County,21.0,0
Caro Learning Center,Caro Community Schools,11/12/2001,2001-2002,2001,14:40:00,Monday,Caro,Michigan,public,151,0,0,0,targeted,17,m,Unknown,student,1.0,0,20-guage shotgun,legally purchased by shooter,43.458011,-83.438553,55.3,9,12,6.0,Tuscola County,32.0,0
"Martin Luther King, Jr. High School",New York City Public Schools,1/15/2002,2001-2002,2002,14:00:00,Tuesday,New York City,New York,public,2258,0,2,2,targeted,17,m,Unknown,student,0.0,0,Lorcin .380-caliber semiautomatic pistol,illegally purchased,40.774262,-73.985021,97.7,9,12,1831.0,New York County,11.0,0
Gardena High School,Los Angeles Unified,2/6/2002,2001-2002,2002,14:50:00,Wednesday,Los Angeles,California,public,3198,0,2,2,targeted,17,m,Unknown,student,0.0,0,pistol,Unknown,33.866342,-118.296704,133.2,9,12,1941.0,Los Angeles County,11.0,0
Benjamin Tasker Middle School,Prince George's County Public Schools,10/7/2002,2002-2003,2002,08:09:00,Monday,Bowie,Maryland,public,1371,0,1,1,indiscriminate,19,m,b,none,0.0,0,Bushmaster XM-15 rifle,stolen,38.957407,-76.746341,73.7,7,8,197.0,Prince George's County,21.0,0
Lincoln High School,Jersey City,10/29/2002,2002-2003,2002,08:30:00,Tuesday,Jersey City,New Jersey,public,986,0,1,1,targeted,15,m,Unknown,student,0.0,1,Browning .380-caliber pistol,Unknown,40.716783,-74.070502,102.0,9,12,495.0,Hudson County,11.0,0
St. James Catholic School,Unknown,11/7/2002,2002-2003,2002,12:30:00,Thursday,Liberty,Missouri,private,297,1,1,2,targeted,41,m,Unknown,parent of student,0.0,0,revolver,legally purchased by shooter,39.240746,-94.45515,55.3,KG,8,488.0,Clay County,21.0,0
Mount Pleasant High School,Providence School District,1/22/2003,2002-2003,2003,,Wednesday,Providence,Rhode Island,public,1641,0,0,0,targeted,19,m,Unknown,student,0.0,0,22-caliber semi-automatic,Unknown,41.837981,-71.45125,55.3,9,12,1097.0,Providence County,12.0,0
Ranum High School,Westminster 50,2/5/2003,2002-2003,2003,08:40:00,Wednesday,Westminster,Colorado,public,1434,0,0,0,targeted,14,m,Unknown,student,0.0,1,small semi-automatic handgun,Unknown,39.841774,-105.015495,68.0,9,12,524.0,Adams County,21.0,0
Cardozo High School,District Of Columbia Pub Schls,4/1/2003,2002-2003,2003,12:15:00,Tuesday,Washington,District of Columbia,public,749,0,1,1,targeted,15,m,Unknown,student,0.0,1,handgun,Unknown,38.922338,-77.029756,55.3,9,12,427.0,District of Columbia,11.0,0
John McDonogh High School,Orleans Parish School Board,4/14/2003,2002-2003,2003,10:30:00,Monday,New Orleans,Louisiana,public,1260,1,3,4,targeted,19,m,Unknown,none,0.0,1,AK-47 and semiautomatic pistol,Unknown,29.974421,-90.075733,63.0,8,12,843.0,Orleans Parish,11.0,1
Delhi Middle School,Delhi Unified,4/15/2003,2002-2003,2003,08:15:00,Tuesday,Delhi,California,public,394,0,1,1,targeted,19,m,Unknown,Unknown,0.0,0,handgun,Unknown,37.426801,-120.792392,18.0,6,8,270.0,Merced County,23.0,0
Red Lion Area Junior High School,Red Lion Area SD,4/24/2003,2002-2003,2003,07:30:00,Thursday,Red Lion,Pennsylvania,public,965,1,0,1,targeted,14,m,w,student,1.0,1,".44-caliber handgun, .22-caliber gun to kill himself",stepfather,39.893809,-76.609728,46.0,7,8,156.0,York County,22.0,0
Vicksburg High School,Vicksburg Warren School Dist,9/10/2003,2003-2004,2003,14:30:00,Wednesday,Vicksburg,Mississippi,public,1121,1,0,1,targeted,20,m,Unknown,Unknown,0.0,0,handgun,Unknown,32.323263,-90.885251,63.8,9,12,540.0,Warren County,32.0,0
Lewis and Clark High School,Spokane School District,9/22/2003,2003-2004,2003,11:10:00,Monday,Spokane,Washington,public,1992,0,0,0,indiscriminate,16,m,w,student,0.0,0,9 millimeter semiautomatic pistol,home,47.652394,-117.419841,92.0,9,12,545.0,Spokane County,12.0,0
Rocori High School,Rocori,9/24/2003,2003-2004,2003,11:38:00,Wednesday,Cold Spring,Minnesota,public,831,2,0,2,targeted,15,m,w,student,0.0,0,.22 caliber pistol,father,45.466258,-94.426618,48.0,8,12,100.0,Stearns County,31.0,0
Burns Middle School,Cleveland County Schools,9/25/2003,2003-2004,2003,08:00:00,Thursday,Lawndale,North Carolina,public,1049,0,0,0,indiscriminate,13,m,Unknown,student,0.0,1,9mm handgun,Unknown,35.425762,-81.539104,63.0,6,8,510.0,Cleveland County,31.0,0
Rio Cazadero High School,Elk Grove Unified,10/1/2003,2003-2004,2003,09:00:00,Wednesday,Sacramento,California,public,317,0,2,2,targeted,19,m,Unknown,multiple officers,0.0,0,officer weapons,police,38.469639,-121.435306,10.8,9,12,99.0,Sacramento County,21.0,0
East Mecklenburg High School,Charlotte-Mecklenburg Schools,11/13/2003,2003-2004,2003,11:45:00,Thursday,Charlotte,North Carolina,public,2275,0,1,1,accidental,15,m,Unknown,student,0.0,1,.25-caliber handgun,Unknown,35.175976,-80.756579,113.0,9,12,709.0,Mecklenburg County,11.0,0
Ballou High School,District Of Columbia Pub Schls,2/2/2004,2003-2004,2004,10:30:00,Monday,Washington,District of Columbia,public,1090,1,1,2,targeted,18,m,b,student,0.0,1,.380-caliber pistol,puchased by shooter and friends,38.839005,-77.001667,68.0,9,12,897.0,District of Columbia,11.0,0
Columbia High School,East Greenbush Central School District,2/9/2004,2003-2004,2004,10:30:00,Monday,East Greenbush,New York,public,1455,0,1,1,indiscriminate,16,m,w,student,0.0,0,12-gauge Winchester shotgun,Unknown,42.62068,-73.690848,55.3,9,12,488.0,RENSSELAER,21.0,0
T.M. Peirce Elementary School,Philadelphia City SD,2/11/2004,2003-2004,2004,08:30:00,Wednesday,Philadelphia,Pennsylvania,public,453,1,1,2,targeted,19,m,b,none,0.0,1,"carbine rifle, assault weapon",Unknown,39.998621,-75.168248,26.0,KG,5,450.0,Philadelphia County,11.0,1
Castlemont High School,Oakland Unified,6/9/2004,2003-2004,2004,12:22:00,Wednesday,Oakland,California,public,1467,0,2,2,targeted,19,,Unknown,Unknown,0.0,0,Unknown,Unknown,37.75982,-122.16302,56.5,9,12,340.0,Alameda County,11.0,0
Proviso East High School,Proviso Twp H S Dist 209,8/30/2004,2004-2005,2004,14:30:00,Monday,Maywood,Illinois,public,2068,1,0,1,targeted,19,m,b,none,0.0,1,handgun,Unknown,41.88062,-87.83382,110.0,9,12,637.0,Cook County,21.0,0
Wirt High School,Gary Community School Corp,9/15/2004,2004-2005,2004,,Wednesday,Gary,Indiana,public,792,0,0,0,indiscriminate,19,m,Unknown,student,0.0,0,handgun,Unknown,41.60997,-87.26145,49.7,9,12,394.0,Lake County,13.0,0
Thurgood Marshall High School,Baltimore City,10/21/2004,2004-2005,2004,16:00:00,Thursday,Baltimore,Maryland,public,502,0,2,2,targeted,16,m,Unknown,student,0.0,1,handgun,Unknown,39.31911,-76.54552,22.0,9,11,296.0,Baltimore City,11.0,0
Booker T. Washington High School,Orleans Parish,11/12/2004,2004-2005,2004,12:00:00,Friday,New Orleans,Louisiana,public,383,0,1,1,targeted,28,f,Unknown,security guard,0.0,1,.38-caliber revolver,department issued,29.94966,-90.08893,36.8,8,12,308.0,Orleans Parish,11.0,0
Emmanuel Christian Academy,Unknown,12/7/2004,2004-2005,2004,15:00:00,Tuesday,Jackson,Mississippi,private,128,0,1,1,accidental,28,f,Unknown,Unknown,0.0,0,.22 caliber handgun,Unknown,32.288835,-90.196049,11.0,PK,8,488.0,Hinds County,12.0,0
Woodruff High School,Peoria School District 150,1/26/2005,2004-2005,2005,,Wednesday,Peoria,Illinois,public,1012,0,0,0,targeted,15,m,b,student,0.0,0,handgun,Unknown,40.70725,-89.57513,65.0,9,12,606.0,Peoria County,12.0,0
Bowen High School,City Of Chicago School Dist 299,2/8/2005,2004-2005,2005,14:32:00,Tuesday,Chicago,Illinois,public,215,0,1,1,targeted,19,,Unknown,Unknown,0.0,0,Unknown,Unknown,41.73354,-87.557742,45.7,11,12,212.0,Cook County,11.0,0
Maplewood Comprehensive High School,Nashville-Davidson County SD,3/9/2005,2004-2005,2005,14:00:00,Wednesday,Nashville,Tennessee,public,1119,0,1,1,targeted,16,m,Unknown,former student (expelled),0.0,0,handgun,Unknown,36.22912,-86.74568,63.0,9,12,488.0,Davidson County,11.0,0
Red Lake High School,Red Lake,3/21/2005,2004-2005,2005,14:49:00,Monday,Red Lake,Minnesota,public,331,7,7,14,indiscriminate,16,m,ai,former student,1.0,1,".40 caliber Glock 23 pistol, 870 12 gauge pump-action shotgun",grandfather,47.8509,-95.0629,31.1,9,12,295.0,Beltrami County,43.0,0
Canton High School,Canton ISD,4/7/2005,2004-2005,2005,09:20:00,Thursday,Canton,Texas,public,533,0,1,1,targeted,45,m,w,father of football player,0.0,0,.45-caliber pistol,legally purchased by shooter,32.54958,-95.86617,39.4,9,12,79.0,Van Zandt County,32.0,0
Highland Elementary School,West Shore SD,5/17/2005,2004-2005,2005,15:00:00,Tuesday,Lower Allen Township,Pennsylvania,public,445,1,0,1,targeted,47,m,Unknown,dating mother of student,1.0,0,9 mm semiautomatic handgun,Unknown,40.21999,-76.95256,24.2,KG,5,35.0,Cumberland County,21.0,0
Maury Middle School,Jefferson County School District,8/25/2005,2005-2006,2005,09:30:00,Thursday,Jacksboro,Tennessee,public,609,0,1,1,accidental,14,m,Unknown,student,0.0,0,".38-caliber Smith & Wesson, .22-caliber handgun",guardian (uncle),36.0213,-83.4041,34.7,6,8,314.0,Jefferson County,41.0,0
Sojourner Truth High School,Duval County School District,9/2/2005,2005-2006,2005,12:50:00,Friday,Jacksonville,Florida,public,123,0,1,1,targeted,19,m,Unknown,Unknown,0.0,0,handgun,Unknown,30.27037,-81.61618,7.0,9,12,62.0,Duval County,11.0,0
Harlan Community Academy High School,City Of Chicago Sd 299,9/13/2005,2005-2006,2005,14:20:00,Tuesday,Chicago,Illinois,public,1381,0,1,1,targeted,15,m,Unknown,student,0.0,1,.25-caliber handgun,Unknown,41.7184,-87.62085,101.6,7,12,959.0,Cook County,11.0,0
Farmington High School,Farmington R-VII,10/11/2005,2005-2006,2005,08:00:00,Tuesday,Farmington,Missouri,public,1160,0,0,0,indiscriminate,17,m,w,student,0.0,0,single-shot shotgun,father,37.78108,-90.43619,68.6,9,12,344.0,St. Francois County,32.0,0
Saginaw High School,Saginaw City School District,10/20/2005,2005-2006,2005,12:00:00,Thursday,Saginaw,Michigan,public,1178,0,1,1,targeted,15,m,Unknown,student,0.0,1,.380-caliber handgun,stolen,43.40713,-83.92541,58.0,9,12,823.0,Saginaw County,13.0,0
Campbell County High School,Campbell County School Distrct,11/8/2005,2005-2006,2005,14:00:00,Tuesday,Jacksboro,Tennessee,public,1440,1,2,3,targeted and indiscriminate,15,m,w,student,0.0,0,.22-caliber pistol,Unknown,36.35086,-84.14832,79.4,9,12,851.0,Campbell County,32.0,0
Central High School,Detroit City School District,12/6/2005,2005-2006,2005,13:30:00,Tuesday,Detroit,Michigan,public,1205,0,1,1,indiscriminate,18,m,Unknown,Unknown,0.0,0,Unknown,Unknown,42.38469,-83.11269,55.2,8,12,897.0,Wayne County,11.0,0
Mary McLeod Bethune Academy,Milwaukee Sch Dist,1/11/2006,2005-2006,2006,12:30:00,Wednesday,Milwaukee,Wisconsin,public,366,0,1,1,indiscriminate,18,m,Unknown,Unknown,0.0,0,Unknown,Unknown,43.05063,-87.95774,24.0,PK,7,321.0,Milwaukee County,11.0,0
Milwee Middle School,Seminole County School District,1/13/2006,2005-2006,2006,09:30:00,Friday,Longwood,Florida,public,1121,1,0,1,targeted,19,m,w,SWAT officer,0.0,1,high-powered rifle,police issued,28.68172,-81.34669,76.0,6,8,569.0,Seminole County,21.0,0
Indian River High School,Chesapeake City Public Schools,1/18/2006,2005-2006,2006,11:00:00,Wednesday,Chesapeake,Virginia,public,1836,0,0,0,targeted,19,m,Unknown,Unknown,0.0,0,Unknown,Unknown,36.79721,-76.24185,126.0,9,12,427.0,Chesapeake City,21.0,0
Will C. Wood High School,Vacaville Unified,1/23/2006,2005-2006,2006,09:45:00,Monday,Vacaville,California,public,2138,0,1,1,accidental,14,m,Unknown,student,0.0,0,small revolver,Unknown,38.34635,-121.97421,85.8,9,12,398.0,Solano County,23.0,0
Lakeview Centennial High School,Garland ISD,1/27/2006,2005-2006,2006,,Friday,Garland,Texas,public,2175,0,2,2,accidental,16,m,Unknown,student,0.0,0,small-caliber semiautomatic handgun,Unknown,32.85566,-96.57589,157.1,9,12,994.0,Dallas County,21.0,0
Westinghouse High School,Pittsburgh SD,2/21/2006,2005-2006,2006,07:45:00,Tuesday,Pittsburgh,Pennsylvania,public,562,0,1,1,targeted,23,m,Unknown,Unknown,0.0,1,AK-47,Unknown,40.4607,-79.90059,41.2,9,12,374.0,Allegheny County,11.0,0
Roseburg High School,Douglas County SD 4,2/23/2006,2005-2006,2006,07:45:00,Thursday,Roseburg,Oregon,public,2052,0,1,1,targeted,14,m,w,student,0.0,1,large-caliber handgun with hollow-point bullets,Unknown,43.208,-123.34712,92.0,8,12,689.0,Douglas County,33.0,0
Pine Middle School,Washoe,3/14/2006,2005-2006,2006,09:00:00,Tuesday,Reno,Nevada,public,868,0,2,2,indiscriminate,14,m,w,student,0.0,0,.38-caliber pistol,father,39.47981,-119.78186,40.0,7,8,286.0,Washoe County,12.0,0
Venice High School,Los Angeles Unified,6/5/2006,2005-2006,2006,15:10:00,Monday,Los Angeles,California,public,3210,1,0,1,targeted,21,m,b,Unknown,0.0,0,handgun,Unknown,33.99881,-118.44282,129.2,9,12,2063.0,Los Angeles County,11.0,0
Orange High School,Orange County Schools,8/30/2006,2006-2007,2006,13:00:00,Wednesday,Hillsborough,North Carolina,public,1150,0,2,2,indiscriminate,19,m,h,former student,0.0,0,"9 mm rifle, a Mossburg 12-gauge sawed-off shotgun",Unknown,36.09233,-79.09337,66.7,9,12,276.0,Orange County,41.0,0
South Hills High School,Fort Worth ISD,9/8/2006,2006-2007,2006,13:20:00,Friday,Fort Worth,Texas,public,1417,0,1,1,targeted,19,m,Unknown,resource officer,0.0,1,handgun,police issued weapon,32.65726,-97.36,86.7,9,12,921.0,Tarrant County,11.0,0
Platte Canyon High School,"Platte Canyon, School District No. 1, Of The County Of Park",9/27/2006,2006-2007,2006,11:40:00,Wednesday,Bailey,Colorado,public,476,1,0,1,targeted,53,m,w,Unknown,1.0,0,".40 S&W caliber Glock 22 pistol, Smith & Wesson .357-caliber revolver",Unknown,39.45566,-105.64543,26.2,9,12,82.0,Park County,43.0,0
Weston High School,Weston,9/29/2006,2006-2007,2006,08:10:00,Friday,Cazenovia,Wisconsin,public,119,1,0,1,targeted,15,m,w,student,0.0,0,"long-barrel shotgun, 22-pistol",father,43.48211,-90.19016,10.5,9,12,35.0,Sauk County,43.0,0
Memorial Middle School,Joplin R-VIII,10/9/2006,2006-2007,2006,07:45:00,Monday,Joplin,Missouri,public,699,0,0,0,indiscriminate,13,m,w,student,0.0,0,MAC 90 7.26 mm assault rifle,parent,37.08277,-94.51586,50.3,6,8,312.0,Jasper County,13.0,0
Henry Foss High School,Tacoma School District,1/3/2007,2006-2007,2007,07:30:00,Wednesday,Tacoma,Washington,public,1749,1,0,1,targeted,18,m,Unknown,student,0.0,0,handgun,Unknown,47.24114,-122.49364,85.4,9,12,884.0,Peirce County,12.0,0
Robert A. Taft Information Technology High School,Cincinnati City,1/8/2007,2006-2007,2007,10:45:00,Monday,Cincinnati,Ohio,public,745,0,0,0,targeted,16,m,Unknown,student,0.0,0,Unknown,Unknown,39.10911,-84.52183,46.0,9,12,397.0,Hamilton County,11.0,0
William L.Sayre High School,Philadelphia City SD,1/18/2007,2006-2007,2007,08:25:00,Thursday,Philadelphia,Pennsylvania,public,655,0,1,1,targeted,19,m,Unknown,Unknown,0.0,1,9 mm semi-automatic Ruger,Unknown,39.95793,-75.2374,40.4,7,12,572.0,Philadelphia County,11.0,0
Herbert Henry Dow High School,Midland Public Schools,3/7/2007,2006-2007,2007,10:57:00,Wednesday,Midland,Michigan,public,1593,0,1,1,targeted,17,m,w,girlfriend was student,1.0,0,.44 caliber handgun,Unknown,43.64091,-84.27414,78.6,8,12,201.0,Midland County,31.0,0
Chicago Vocational Career Academy,City Of Chicago Sd 299,4/9/2007,2006-2007,2007,14:30:00,Monday,Chicago,Illinois,public,2020,0,1,1,accidental,15,m,Unknown,student,0.0,0,9mm handgun,Unknown,41.7372,-87.57236,105.0,9,12,1930.0,Cook County,11.0,0
Springwater Trail High School,Gresham-Barlow Sd 10J,4/10/2007,2006-2007,2007,14:15:00,Tuesday,Gresham,Oregon,public,163,0,10,10,indiscriminate,15,m,Unknown,student,0.0,0,.270 Winchester rifle with scope,stepfather,45.48655,-122.40894,11.8,9,12,51.0,Multnomah County,21.0,0
Liberty Memorial Middle School,Los Fresnos CISD,5/15/2007,2006-2007,2007,10:00:00,Tuesday,Los Fresnos,Texas,public,505,0,0,0,indiscriminate,14,m,Unknown,student,0.0,0,.38 semiautomatic handgun,father,26.1106,-97.5108,35.0,6,8,187.0,Cameron County,41.0,0
George S. Middleton High School,Hillsborough,6/6/2007,2006-2007,2007,12:00:00,Wednesday,Tampa,Florida,public,1799,0,0,0,targeted,17,m,Unknown,former student,0.0,1,.22-caliber handgun,Unknown,27.99133,-82.43267,91.0,9,12,1091.0,Hillsborough County,11.0,0
SuccessTech Academy,Cleveland Municipal City,10/10/2007,2007-2008,2007,13:15:00,Wednesday,Cleveland,Ohio,public,260,0,4,4,indiscriminate,14,m,Unknown,student,1.0,1,".22-caliber revolver, .38-caliber revolver",Unknown,41.50762,-81.6869,14.0,9,12,488.0,Cuyahoga County,11.0,0
Groves High School,Chatham County,10/15/2007,2007-2008,2007,14:45:00,Monday,Garden City,Georgia,public,1534,0,0,0,targeted,19,m,Unknown,Unknown,0.0,0,Unknown,Unknown,32.10841,-81.15661,90.0,9,12,799.0,Chatham County,22.0,0
Crossroads Charter High School,Crossroads Charter High,1/16/2008,2007-2008,2008,10:15:00,Wednesday,Charlotte,North Carolina,public,244,0,1,1,accidental,16,m,b,student,0.0,0,Unknown,Unknown,35.26039,-80.77591,13.0,9,12,488.0,Mecklenburg County,11.0,0
Hamilton High School,Memphis City School District,2/4/2008,2007-2008,2008,10:00:00,Monday,Memphis,Tennessee,public,1581,0,1,1,targeted,16,m,Unknown,student,0.0,0,380-caliber handgun,Unknown,35.10069,-90.0174,87.9,9,12,863.0,Shelby County,11.0,0
Notre Dame Elementary School,Unknown,2/7/2008,2007-2008,2008,09:12:00,Thursday,Portsmouth,Ohio,private,166,0,1,1,targeted,56,m,w,spouse of teacher,1.0,0,Unknown,Unknown,38.735563,-82.986607,14.0,PK,6,488.0,Scioto County,31.0,0
Mitchell High School,Memphis City School District,2/11/2008,2007-2008,2008,09:00:00,Monday,Memphis,Tennessee,public,1110,0,1,1,targeted,17,m,Unknown,student,0.0,1,.22-caliber pistol,purchased from someone in apartment complex,35.05595,-90.08589,53.8,9,12,787.0,Shelby County,11.0,0
E.O. Green Junior High School,Hueneme Elementary,2/12/2008,2007-2008,2008,08:15:00,Tuesday,Oxnard,California,public,1065,1,0,1,targeted,14,m,Unknown,student,0.0,0,.22-caliber handgun,relative,34.16568,-119.1814,50.0,6,8,775.0,Ventura County,12.0,0
Roosevelt High School,Fresno Unified,4/16/2008,2007-2008,2008,11:54:00,Wednesday,Fresno,California,public,2735,1,0,1,targeted,38,m,Unknown,resource officer,0.0,1,pistol,department issued,36.74302,-119.7537,137.6,9,12,2466.0,Fresno County,11.0,0
Central High School,Knox County School District,8/21/2008,2008-2009,2008,08:10:00,Thursday,Knoxville,Tennessee,public,1210,1,0,1,targeted,15,m,Unknown,student,0.0,1,"small-caliber, semiautomatic pistol",Unknown,36.0392,-83.9216,79.5,9,12,569.0,Knox County,12.0,0
Dillard High School,Broward,11/12/2008,2008-2009,2008,11:00:00,Wednesday,Fort Lauderdale,Florida,public,1758,1,0,1,targeted,15,f,b,student,0.0,1,.22-caliber semi-automatic handgun,family member,26.1383,-80.176,149.4,9,12,1193.0,Broward County,12.0,0
Central High School,Detroit City School District,2/17/2009,2008-2009,2009,14:00:00,Tuesday,Detroit,Michigan,public,919,0,2,2,targeted,17,m,Unknown,non-student,0.0,1,handgun,Unknown,42.3837,-83.1115,57.2,9,12,640.0,Wayne County,11.0,0
John Muir Elementary School,Hayward Unified,2/20/2009,2008-2009,2009,12:00:00,Friday,Hayward,California,public,354,0,0,0,targeted,19,m,Unknown,Unknown,0.0,0,shotgun,Unknown,37.6566,-122.083,20.4,KG,6,488.0,Alameda County,12.0,0
Ribault High School,Duval,3/10/2009,2008-2009,2009,07:22:00,Tuesday,Jacksonville,Florida,public,1131,0,0,0,targeted,19,,Unknown,Unknown,0.0,0,Unknown,Unknown,30.3895,-81.707,67.4,9,12,609.0,Duval County,11.0,0
Larose-Cut Off Middle School,Lafourche Parish,5/18/2009,2008-2009,2009,09:00:00,Monday,Larose,Louisiana,public,512,0,0,0,targeted,15,m,Unknown,student,1.0,0,25-caliber nickel plate semi-automatic,father,29.5004,-90.3295,37.8,6,8,265.0,Lafourche Parish,41.0,0
Stamford Academy,Stamford Academy,9/8/2009,2009-2010,2009,08:05:00,Tuesday,Stamford,Connecticut,public,131,0,0,0,targeted,16,m,Unknown,student,0.0,0,.22-caliber pistol,Unknown,41.059329,-73.536464,8.0,9,12,111.0,Fairfield County,12.0,0
Virginia Randolph Community High School,Henrico Co Pblc Schs,9/16/2009,2009-2010,2009,12:30:00,Wednesday,Glen Allen,Virginia,public,292,0,0,0,targeted,16,m,Unknown,student,0.0,0,.40-caliber handgun,Unknown,37.661586,-77.483135,30.18,8,12,237.0,Henrico County,21.0,0
Mattituck Junior-Senior High School,Mattituck-Cutchogue Union Free School District,10/8/2009,2009-2010,2009,14:00:00,Thursday,Mattituck,New York,public,812,0,1,1,accidental,28,m,Unknown,Unknown,0.0,0,22-caliber rifle,mother,40.996241,-72.529205,68.28,7,12,86.0,Suffolk County,31.0,0
Carolina Forest High School,Horry 01,10/16/2009,2009-2010,2009,08:25:00,Friday,Conway,South Carolina,public,1958,1,0,1,targeted,19,m,w,school resource officer,0.0,1,.40 caliber Glock,department issued,33.780761,-78.97152,102.5,9,12,901.0,Horry County,41.0,0
Booker T. Washington High School,Caddo Parish,12/11/2009,2009-2010,2009,08:10:00,Friday,Shreveport,Louisiana,public,336,0,1,1,targeted,28,m,b,ex-boyfriend of student,0.0,1,handgun,Unknown,32.503605,-93.77398,34.55,9,12,278.0,Caddo Parish,12.0,0
Discovery Middle School,Madison City,2/5/2010,2009-2010,2010,13:45:00,Friday,Madison,Alabama,public,1000,1,0,1,targeted,14,m,a,student,0.0,1,.22-caliber pistol,friend's home,34.740322,-86.741148,54.5,7,9,176.0,Madison County,22.0,0
Deer Creek Middle School,Jefferson County School District No. R-1,2/23/2010,2009-2010,2010,15:14:00,Tuesday,Littleton,Colorado,public,516,0,2,2,indiscriminate,32,m,w,Unknown,0.0,0,hunting rifle,Unknown,39.5869,-105.102,28.2,7,8,60.0,Jefferson County,21.0,0
Woodrow Wilson High School,Portsmouth City Pblc Schs,4/28/2010,2009-2010,2010,12:15:00,Wednesday,Portsmouth,Virginia,public,1309,0,0,0,indiscriminate,15,m,b,student,0.0,0,handgun,Unknown,36.815009,-76.381349,64.33,9,12,695.0,Portsmouth City,12.0,0
South Gate High School,Los Angeles Unified,5/18/2010,2009-2010,2010,07:51:00,Tuesday,South Gate,California,public,3289,0,1,1,targeted,15,m,Unknown,student,0.0,0,Unknown,Unknown,33.954604,-118.209757,126.1,9,12,2373.0,Los Angeles County,21.0,0
Sullivan Central High School,Sullivan County,8/30/2010,2010-2011,2010,09:10:00,Monday,Blountville,Tennessee,public,1115,1,0,1,targeted,19,,Unknown,police officer,0.0,1,handgun,department issued,36.531336,-82.387049,67.7,9,12,386.0,Sullivan County,41.0,0
Socastee High School,Horry 01,9/21/2010,2010-2011,2010,14:00:00,Tuesday,Conway,South Carolina,public,1453,0,1,1,targeted,14,m,w,student,0.0,1,revolver,parent,33.6788,-79.004328,80.8,9,12,678.0,Horry County,22.0,0
Alisal High School,Salinas Union High,10/1/2010,2010-2011,2010,07:53:00,Friday,Salinas,California,public,2478,1,0,1,targeted,19,m,Unknown,Unknown,0.0,0,Unknown,Unknown,36.686184,-121.595961,55.3,3,12,1869.0,Monterey County,12.0,0
Kelly Elementary School,Carlsbad Unified,10/8/2010,2010-2011,2010,12:00:00,Friday,Carlsbad,California,public,477,0,2,2,indiscriminate,41,m,w,none,0.0,0,.357-caliber magnum revolver,Unknown,33.14836,-117.311227,55.3,KG,5,45.0,San Diego County,12.0,0
Marinette High School,Marinette School District,11/29/2010,2010-2011,2010,13:30:00,Monday,Marinette,Wisconsin,public,690,0,0,0,hostage suicide,15,m,w,student,1.0,0,handgun,Unknown,45.084351,-87.629512,44.69,9,12,283.0,Marinette County,41.0,0
Millard South High School,Millard Public Schools,1/5/2011,2010-2011,2011,12:45:00,Wednesday,Omaha,Nebraska,public,2043,1,2,3,targeted and indiscriminate,17,m,b,student,1.0,0,Glock .40-caliber S&W pistol,father,41.203481,-96.146049,135.5,9,12,475.0,Douglas County,11.0,0
Gardena High School,Los Angeles Unified,1/18/2011,2010-2011,2011,10:40:00,Tuesday,Los Angeles,California,public,2299,0,2,2,accidental,17,m,Unknown,student,0.0,0,9-mm Beretta handgun,Unknown,33.866372,-118.29633,55.3,8,12,1556.0,Los Angeles County,13.0,0
Louisiana Schnell Elementary School,Placerville Union Elementary,2/2/2011,2010-2011,2011,10:37:00,Wednesday,Placerville,California,public,424,1,0,1,targeted,44,m,w,janitor,0.0,0,.357-caliber revolver,legally purchased by shooter,38.735106,-120.779419,55.3,KG,5,264.0,El Dorado County,32.0,0
Martinsville West Middle,M S D Martinsville Schools,3/25/2011,2010-2011,2011,07:00:00,Friday,Martinsville,Indiana,public,584,0,1,1,targeted,15,m,w,former student (expelled),0.0,0,9mm handgun,friend's home,39.420621,-86.427053,38.97,6,8,354.0,Morgan County,31.0,0
Sheeler Charter High School,Orange,4/13/2011,2010-2011,2011,12:00:00,Wednesday,Apopka,Florida,public,465,0,1,1,accidental,17,m,b,Unknown,0.0,1,Unknown,Unknown,28.673157,-81.494124,7.0,9,12,183.0,Orange County,21.0,0
Ross Elementary School,Houston ISD,4/19/2011,2010-2011,2011,10:20:00,Tuesday,Houston,Texas,public,462,0,2,2,accidental,6,m,Unknown,student,0.0,0,.380-caliber semi-automatic,"mother's friend, home shooter was staying",29.800326,-95.341835,27.32,PK,5,263.0,Harris County,11.0,0
Cape Fear High School,Cumberland County Schools,10/24/2011,2011-2012,2011,13:00:00,Monday,Fayetteville,North Carolina,public,1575,0,1,1,targeted,15,m,Unknown,student,0.0,0,.22-caliber Daisy rifle,Unknown,35.034044,-78.762384,93.86,9,12,690.0,Cumberland County,41.0,0
Cummings Middle School,Brownsville ISD,1/4/2012,2011-2012,2012,08:00:00,Wednesday,Brownsville,Texas,public,746,1,0,1,targeted,19,m,Unknown,police officer,0.0,0,Unknown,department issued,25.913899,-97.493734,49.47,6,8,0.0,Cameron County,12.0,0
North Forest High School,North Forest ISD,1/10/2012,2011-2012,2012,12:30:00,Tuesday,Houston,Texas,public,1274,0,1,1,targeted,18,m,Unknown,student,0.0,1,handgun,Unknown,29.868788,-95.26259,88.68,9,12,1271.0,Harris County,11.0,0
Walpole Elementary School,Fall Mountain Regional School District,2/10/2012,2011-2012,2012,11:00:00,Friday,Walpole,New Hampshire,public,149,0,0,0,public suicide (attempted),14,m,Unknown,student,0.0,0,20-gauge shotgun,Unknown,43.078915,-72.426439,15.3,5,8,42.0,Cheshire County,42.0,0
Armin Jahr Elementary School,Bremerton School District,2/22/2012,2011-2012,2012,13:30:00,Wednesday,Bremerton,Washington,public,411,0,1,1,accidental,9,m,w,student,0.0,0,.45 caliber handgun,mother,47.593761,-122.63622,25.16,KG,5,310.0,Kitsap County,13.0,0
Chardon High School,Chardon Local,2/27/2012,2011-2012,2012,07:30:00,Monday,Chardon,Ohio,public,1058,3,3,6,indiscriminate,17,m,w,"student at neighboring school, rode bus with some victims",0.0,0,Ruger MK III .22 caliber semi-automatic handgun,uncle,41.591297,-81.199958,58.0,9,12,193.0,Geauga County,31.0,0
Episcopal School of Jacksonville,Unknown,3/6/2012,2011-2012,2012,13:15:00,Tuesday,Jacksonville,Florida,private,869,1,0,1,targeted,28,m,w,fired teacher,1.0,0,AK-47 assault-style rifle,legally purchased at gun show,30.308617,-81.617917,92.8,6,12,488.0,Duval County,11.0,0
LeFlore High School,Mobile County,3/15/2012,2011-2012,2012,10:50:00,Thursday,Mobile,Alabama,public,921,0,0,0,targeted,16,m,b,suspended student from different campus,0.0,0,handgun,Unknown,30.714209,-88.086526,56.0,8,12,774.0,Mobile County,12.0,1
Mary Scroggs Elementary School,Chapel Hill-Carrboro Schools,5/25/2012,2011-2012,2012,14:00:00,Friday,Chapel Hill,North Carolina,public,614,1,0,1,targeted,49,m,Unknown,parent of students,0.0,0,Charter Arms .44 Bulldog revolver,Unknown,35.879122,-79.068506,42.73,KG,5,135.0,Orange County,13.0,0
Perry Hall High School,Baltimore County Public Schools,8/27/2012,2012-2013,2012,10:45:00,Monday,Baltimore,Maryland,public,2209,0,1,1,indiscriminate,15,m,w,student,0.0,1,shotgun,Unknown,39.39186,-76.466091,129.6,9,12,550.0,Baltimore County,21.0,0
Normal Community High School,Mclean County USD 5,9/7/2012,2012-2013,2012,08:00:00,Friday,Normal,Illinois,public,1895,0,0,0,indiscriminate,14,m,w,student,0.0,0,.22-caliber Ruger pistol,Unknown,40.533285,-88.914486,164.0,9,12,409.0,Mclean County,41.0,0
Sandy Hook Elementary School,Newtown School District,12/14/2012,2012-2013,2012,09:35:00,Friday,Newtown,Connecticut,public,454,26,2,28,indiscriminate,20,m,w,former student,1.0,0,Bushmaster XM15-E2S rifle,mother,41.41978,-73.277751,35.76,KG,4,23.0,Fairfield County,22.0,0
Apostolic Revival Center and Christian School,Unknown,1/7/2013,2012-2013,2013,11:00:00,Monday,Fort Myers,Florida,private,22,1,0,1,targeted,19,,Unknown,Unknown,0.0,0,Unknown,Unknown,26.64062,-81.834212,3.0,PK,7,488.0,Lee County,13.0,0
Taft Union High School,Taft Union High,1/10/2013,2012-2013,2013,09:00:00,Thursday,Taft,California,public,939,0,2,2,targeted,16,m,w,student,0.0,0,12-gauge shotgun,older brother,35.146256,-119.460383,62.89,9,12,502.0,Kern County,32.0,0
Price Middle School,Atlanta Public Schools,1/31/2013,2012-2013,2013,13:50:00,Thursday,Atlanta,Georgia,public,403,0,1,1,targeted,15,m,Unknown,student,0.0,1,small-caliber handgun,Unknown,33.708772,-84.387442,36.0,6,8,384.0,Fulton County,11.0,0
La Salle High School,Unknown,4/29/2013,2012-2013,2013,08:00:00,Monday,Cincinnati,Ohio,private,708,0,0,0,public suicide,17,m,Unknown,student,0.0,0,.45-caliber semi-automatic handgun,family member,39.189162,-84.586704,40.1,9,12,488.0,Hamilton County,21.0,0
Redland Middle School,Dade,5/23/2013,2012-2013,2013,,Thursday,Homestead,Florida,public,493,0,1,1,accidental,11,m,Unknown,student,0.0,0,.38 caliber handgun,Unknown,25.5369,-80.453001,30.0,6,8,448.0,Miami-Dade County,41.0,0
Ronald E. McNair Discovery Learning Academy,Dekalb County,8/20/2013,2013-2014,2013,12:51:00,Tuesday,Decatur,Georgia,public,822,0,0,0,targeted and indiscriminate,20,m,w,none apparent,0.0,0,".762-caliber AK-47-style weapon, manufactured by Romarm/Cugar",acquaintence of shooter,33.7273,-84.3068,47.8,PK,5,810.0,Dekalb County,21.0,0
Carver High School,Winston Salem/Forsyth County Schools,8/30/2013,2013-2014,2013,14:25:00,Friday,Winston-Salem,North Carolina,public,565,0,1,1,targeted,18,m,b,student,0.0,1,.38 caliber handgun,Unknown,36.1343,-80.2066,43.01,9,12,502.0,Forsyth County,12.0,0
Agape Christian Academy,Unknown,10/4/2013,2013-2014,2013,14:00:00,Friday,Pine Hills,Florida,private,331,0,2,2,targeted,19,,Unknown,none,0.0,0,Unknown,Unknown,28.57586,-81.475051,22.0,K,12,488.0,Orange County,21.0,0
Lanier High School,Austin ISD,10/15/2013,2013-2014,2013,12:04:00,Tuesday,Austin,Texas,public,1554,0,0,0,public suicide,16,m,h,student,1.0,1,handgun,Unknown,30.3606,-97.708,108.34,9,12,613.0,Travis County,11.0,0
Sparks Middle School,Washoe County School District,10/21/2013,2013-2014,2013,07:15:00,Monday,Sparks,Nevada,public,721,1,2,3,indiscriminate,12,m,h,student,1.0,0,Ruger SR9C semi-automatic handgun (9mm),father,39.5517,-119.7694,35.0,7,8,538.0,Washoe County,21.0,0
Newman Elementary School,Chino Valley Unified,10/23/2013,2013-2014,2013,11:14:00,Wednesday,Chino,California,public,745,0,3,3,accidental,8,m,Unknown,student,0.0,1,AR-15,police weapon,34.0271,-117.7144,25.5,KG,6,543.0,San Bernardino County,13.0,0
West Orange High School,Orange,12/4/2013,2013-2014,2013,13:15:00,Wednesday,Winter Garden,Florida,public,3749,0,1,1,targeted,17,m,b,student,0.0,1,Unknown,Unknown,28.5428,-81.5673,158.0,9,12,1255.0,Orange County,21.0,0
Arapahoe High School,"Littleton, School District No. 6, In The County Of Arapahoe",12/13/2013,2013-2014,2013,12:30:00,Friday,Centennial,Colorado,public,2273,1,0,1,targeted,18,m,w,student,1.0,1,Savage Arms Stevens Model 320 pump-action shotgun,legally purchased by shooter at Cabela's,39.5817,-104.9628,98.96,9,12,200.0,Arapahoe County,21.0,0
Liberty Technology Magnet High School,Madison County,1/9/2014,2013-2014,2014,14:21:00,Thursday,Jackson,Tennessee,public,802,0,1,1,targeted,16,m,b,student,0.0,0,handgun,Unknown,35.675,-88.7593,60.3,9,12,561.0,Madison County,41.0,0
Berrendo Middle School,Roswell Independent Schools,1/14/2014,2013-2014,2014,07:30:00,Tuesday,Roswell,New Mexico,public,632,0,3,3,targeted,12,m,w,student,0.0,1,shotgun,Unknown,33.4736,-104.5115,36.5,6,8,365.0,Chaves County,41.0,0
King Elementary School,Lancaster SD,1/15/2014,2013-2014,2014,14:48:00,Wednesday,Lancaster,Pennsylvania,public,540,0,0,0,unclear,19,,Unknown,Unknown,0.0,1,handgun,Unknown,40.0344,-76.2998,40.2,PK,5,498.0,Lancaster County,13.0,0
Delaware Valley Charter School,Delaware Valley CHS,1/17/2014,2013-2014,2014,15:20:00,Friday,Philadelphia,Pennsylvania,public,680,0,2,2,accidental or targeted,17,m,b,student,0.0,1,handgun,purchased from friend,40.0331,-75.1446,42.0,9,12,512.0,Philadelphia County,11.0,0
Rebound High School,Carbondale CHSD 165,1/27/2014,2013-2014,2014,12:00:00,Monday,Carbondale,Illinois,public,100,0,1,1,targeted,18,m,b,student,0.0,0,handgun,Unknown,37.727439,-89.227812,55.3,9,12,488.0,Jackson County,13.0,0
President Theodore Roosevelt High,Hawaii Department Of Education,1/28/2014,2013-2014,2014,08:30:00,Tuesday,Honolulu,Hawaii,public,1416,0,1,1,targeted,19,,Unknown,police officer,0.0,0,Unknown,department issued,21.3104,-157.8372,77.0,9,12,588.0,Honolulu County,11.0,0
Bend High School,Bend-Lapine Administrative SD 1,2/7/2014,2013-2014,2014,12:00:00,Friday,Bend,Oregon,public,1642,0,0,0,public suicide,17,m,Unknown,student,1.0,0,hunting rifle,legally owned by shooter,44.0523,-121.2959,62.77,9,12,1368.0,Deschutes County,13.0,0
Salisbury High School,Rowan-Salisbury Schools,2/10/2014,2013-2014,2014,14:41:00,Monday,Salisbury,North Carolina,public,858,0,1,1,targeted,17,m,b,Unknown,0.0,1,9mm gun (type unknown),Unknown,35.6648,-80.4849,54.53,9,12,577.0,Rowan County,22.0,0
Success Academy,Kansas City 33,2/20/2014,2013-2014,2014,10:30:00,Thursday,Raytown,Missouri,public,175,1,0,1,targeted,42,m,b,father of student,0.0,0,.45-caliber handgun ,legally purchased at pawn shop that morning,39.094,-94.5688,28.4,KG,12,488.0,Jackson County,11.0,0
Benjamin Banneker High School,Fulton County,3/25/2014,2013-2014,2014,13:00:00,Tuesday,College Park,Georgia,public,1537,0,0,0,targeted,19,,Unknown,Unknown,0.0,1,Unknown,Unknown,33.593,-84.5176,100.7,9,12,1376.0,Fulton County,21.0,0
D. H. Conley High School,Pitt County Schools,4/9/2014,2013-2014,2014,13:30:00,Wednesday,Greenville,North Carolina,public,1591,0,0,0,indiscriminate,17,m,b,student at rival school,0.0,0,.45-caliber handgun,Unknown,35.5306,-77.3248,87.89,9,12,528.0,Pitt County,41.0,1
Reynolds High School,Reynolds SD 7,6/10/2014,2013-2014,2014,08:07:00,Tuesday,Troutdale,Oregon,public,2806,1,1,2,indiscriminate,15,m,w,student,1.0,1,M4 AR-15 rifle,brother,45.5285,-122.4026,106.78,9,12,1744.0,Multnomah County,21.0,0
Stellar Leadership Academy,Dade,9/9/2014,2014-2015,2014,,Tuesday,Miami,Florida,public,233,0,1,1,targeted,19,,Unknown,Unknown,0.0,0,Unknown,Unknown,25.84814,-80.243461,13.0,9,12,62.0,Miami-Dade County,21.0,0
Fern Creek High School,Jefferson County,9/30/2014,2014-2015,2014,13:00:00,Tuesday,Louisville,Kentucky,public,1545,0,1,1,targeted,16,m,b,student,0.0,1,handgun,Unknown,38.156605,-85.592357,82.9,9,12,930.0,Jefferson County,11.0,0
Albemarle High School,Stanly County Schools,9/30/2014,2014-2015,2014,07:40:00,Tuesday,Albemarle,North Carolina,public,464,0,1,1,targeted,15,m,Unknown,student,0.0,1,handgun,Unknown,35.371268,-80.193152,34.66,9,12,327.0,Stanly County,32.0,0
Marysville Pilchuck High School,Marysville School District,10/24/2014,2014-2015,2014,10:39:00,Friday,Marysville,Washington,public,1253,4,1,5,targeted,15,m,Unknown,student,1.0,1,.40-caliber Beretta Px4 Storm handgun,father,48.09582,-122.154021,55.3,9,12,532.0,Snohomish County,22.0,0
Hand in Hand Montessori,Unknown,1/26/2015,2014-2015,2015,15:07:00,Monday,Roseville,Minnesota,private,288,0,0,0,indiscriminate,48,m,Unknown,Unknown,1.0,0,Unknown,Unknown,45.004709,-93.177024,21.4,PK,8,488.0,Ramsey County,21.0,0
North Thurston High School,North Thurston Public Schools,4/27/2015,2014-2015,2015,07:25:00,Monday,Lacey,Washington,public,1477,0,0,0,indiscriminate,16,m,Unknown,student,0.0,1,.357 Magnum,father,47.051956,-122.83241,70.4,9,12,546.0,Thurston County,22.0,0
W.S. Hornsby Elementary School,Richmond County,8/25/2015,2015-2016,2015,10:45:00,Tuesday,Augusta,Georgia,public,742,0,1,1,accidental,19,m,Unknown,student,0.0,1,.380 semi-automatic handgun,grandmother's boyfriend,33.459564,-81.937992,55.3,PK,5,488.0,Richmond County,12.0,0
Harrisburg High School,Harrisburg School District 41-2,9/30/2015,2015-2016,2015,10:00:00,Wednesday,Harrisburg,South Dakota,public,802,0,1,1,targeted,16,m,w,student,0.0,0,handgun,Unknown,43.43212,-96.6998,64.2,9,12,117.0,Lincoln County,41.0,0
Karen Wagner High School,Judson ISD,10/15/2015,2015-2016,2015,09:15:00,Thursday,San Antonio,Texas,public,2260,0,0,0,targeted,22,f,b,friend of student,0.0,1,Unknown,Unknown,29.45738,-98.3578,145.7,9,12,1620.0,Bexar County,21.0,0
Vereen School,Colquitt County,11/5/2015,2015-2016,2015,,Thursday,Moultrie,Georgia,public,40,0,0,0,targeted,19,m,Unknown,student,0.0,1,semiautomatic pistol,department issued,31.175943,-83.804368,55.3,9,12,488.0,Colquitt County,41.0,0
Lecanto High School,Citrus,11/10/2015,2015-2016,2015,10:30:00,Tuesday,Lecanto,Florida,public,1567,0,0,0,public suicide,15,m,Unknown,student,0.0,1,Walther P1 9mm semiautomatic handgun,Unknown,28.824494,-82.499153,84.0,9,12,839.0,Citrus County,41.0,0
Harmony Grove High School,Harmony Grove School District,1/13/2016,2015-2016,2016,15:00:00,Wednesday,Camden,Arkansas,public,393,0,1,1,accidental,17,m,Unknown,student,0.0,0,pistol,Unknown,33.6514,-92.7796,47.17,7,12,195.0,Ouachita County,42.0,0
Benjamin Franklin High School,Philadelphia City SD,1/29/2016,2015-2016,2016,12:00:00,Friday,Philadelphia,Pennsylvania,public,612,0,0,0,targeted,16,m,Unknown,Unknown,0.0,0,.45-caliber handgun,Unknown,39.96367,-75.162,44.42,9,12,612.0,Philadelphia County,11.0,0
Independence High School,Glendale Union High School District,2/12/2016,2015-2016,2016,07:53:00,Friday,Glendale,Arizona,public,2114,1,0,1,targeted,15,f,Unknown,student,1.0,0,9mm Beretta pistol,"classmate, who took from parents",33.53216,-112.221,89.6,9,12,1584.0,Maricopa County,21.0,0
Madison High School,Madison Local,2/29/2016,2015-2016,2016,11:15:00,Monday,Middletown,Ohio,public,1543,0,4,4,indiscriminate,14,m,w,student,0.0,1,Sig Sauer P238,family home,39.53385,-84.4433,33.5,9,12,248.0,Butler County,41.0,0
Huffman High School,Birmingham City,3/15/2016,2015-2016,2016,14:30:00,Tuesday,Birmingham,Alabama,public,1433,0,1,1,targeted,19,m,b,brother of student,0.0,1,Unknown,Unknown,33.61291,-86.682,66.0,9,12,775.0,Jefferson County,12.0,0
Alpine High School,Alpine ISD,9/8/2016,2016-2017,2016,09:00:00,Thursday,Alpine,Texas,public,292,0,1,1,targeted,14,f,Unknown,student,1.0,0,9-mm. semi-automatic handgun,Unknown,30.371983,-103.665798,31.32,9,12,111.0,Brewster County,33.0,0
Townville Elementary School,Anderson 04,9/28/2016,2016-2017,2016,13:45:00,Wednesday,Townville,South Carolina,public,295,1,2,3,indiscriminate,14,m,w,former student,0.0,0,.40 caliber pistol,father,34.56311,-82.903471,19.0,PK,6,186.0,Anderson County,42.0,0
CF Vigor High School,Mobile County,10/11/2016,2016-2017,2016,15:45:00,Tuesday,Prichard,Alabama,public,710,0,1,1,targeted,16,m,b,Unknown,0.0,1,Unknown,Unknown,30.743233,-88.080692,41.0,9,12,511.0,Mobile County,21.0,0
Linden-McKinley STEM Academy,Columbus City School District,10/13/2016,2016-2017,2016,14:40:00,Thursday,Columbus,Ohio,public,719,0,2,2,targeted,19,m,Unknown,Unknown,0.0,1,Unknown,Unknown,40.00952,-82.974011,50.0,7,12,619.0,Franklin County,11.0,0
June Jordan High School for Equity,San Francisco Unified,10/18/2016,2016-2017,2016,15:20:00,Tuesday,San Francisco,California,public,258,0,4,4,targeted,19,m,Unknown,Unknown,0.0,0,pistols,Unknown,37.719558,-122.425241,23.72,9,12,198.0,San Francisco County,11.0,0
Union Middle School,Canyons District,10/25/2016,2016-2017,2016,15:00:00,Tuesday,Sandy,Utah,public,907,0,1,1,targeted,14,m,Unknown,student,0.0,1,Unknown,mother,40.60715,-111.873061,55.3,6,8,389.0,Salt Lake County,21.0,0
Bay City Western High School,Bay City School District,11/11/2016,2016-2017,2016,12:30:00,Friday,Auburn,Michigan,public,1256,0,1,1,accidental,50,m,w,resource officer,0.0,1,.380-caliber Sig Sauer pistol,legally purchased by shooter,43.60478,-84.0783,57.55,9,12,292.0,Bay County,23.0,0
Mueller Park Jr. High,Davis District,12/1/2016,2016-2017,2016,08:13:00,Thursday,Bountiful,Utah,public,813,0,0,0,indiscriminate,15,m,w,student,0.0,1,12-gauge shotgun,parent,40.872489,-111.861172,55.3,7,9,145.0,Davis County,21.0,0
West Liberty-Salem Middle/High School,West Liberty-Salem Local,1/20/2017,2016-2017,2017,07:36:00,Friday,West Liberty,Ohio,public,622,0,2,2,indiscriminate,17,m,w,student,0.0,0,Mossberg Model 500 12 gauge shotgun,gift from grandparents,40.21594,-83.756761,38.4,6,12,0.0,Champaign County,42.0,0
Scotlandville Magnet High School,East Baton Rouge Parish,2/6/2017,2016-2017,2017,12:00:00,Monday,Baton Rouge,Louisiana,public,1388,0,0,0,targeted,14,m,Unknown,student,0.0,1,handgun,Unknown,30.53365,-91.177851,55.3,8,12,770.0,East Baton Rouge Parish,12.0,0
Robert E. Lee High School,Montgomery County,3/16/2017,2016-2017,2017,15:00:00,Thursday,Montgomery,Alabama,public,1514,0,1,1,targeted,16,m,Unknown,student,3.0,0,.40-caliber handgun,Unknown,32.378702,-86.271649,82.5,9,12,941.0,Montgomery County,12.0,0
North Park Elementary School,San Bernardino City Unified,4/10/2017,2016-2017,2017,10:30:00,Monday,San Bernardino,California,public,531,2,1,3,targeted,53,m,b,husband of teacher,1.0,0,Smith & Wesson .357 Magnum revolver,Unknown,34.179206,-117.301804,19.0,KG,6,407.0,San Bernardino County,12.0,0
Moss Bluff Elementary School,Calcasieu Parish,5/15/2017,2016-2017,2017,07:50:00,Monday,Lake Charles,Louisiana,public,963,0,1,1,accidental,7,m,w,student,0.0,0,.380 caliber semi-automatic handgun,"father's gun, kept by 17 year old who shared room with shooter",30.29966,-93.2032,69.56,PK,5,439.0,Calcasieu Parish,41.0,0
Greensboro High School,Hale County,5/24/2017,2016-2017,2017,11:30:00,Wednesday,Greensboro,Alabama,public,464,0,0,0,targeted,19,m,Unknown,student,0.0,0,.22 caliber revolver,Unknown,32.70713,-87.589,26.5,9,12,373.0,Hale County,42.0,0
Warren Elementary School,City of Chicago SD 299,6/16/2017,2016-2017,2017,13:51:00,Friday,Chicago,Illinois,public,280,0,2,2,targeted,19,m,b,Unknown,0.0,1,Unknown,Unknown,41.726922,-87.575184,14.1,PK,8,263.0,Cook County,11.0,0
Columbus Scioto 6-12,Columbus City School District,9/8/2017,2017-2018,2017,08:33:00,Friday,Columbus,Ohio,public,127,0,0,0,indiscriminate,18,m,b,Unknown,0.0,0,.38-caliber handgun,Unknown,39.90163,-82.9958,34.0,6,12,127.0,Franklin County,11.0,0
Freeman High School,Freeman School District,9/13/2017,2017-2018,2017,10:00:00,Wednesday,Rockford,Washington,public,330,1,3,4,indiscriminate,15,m,w,student,0.0,1,"AR-15, pistol",father,47.519667,-117.19638,16.61,9,12,69.0,Spokane County,42.0,0
Mattoon High School,Mattoon CUSD 2,9/20/2017,2017-2018,2017,11:30:00,Wednesday,Mattoon,Illinois,public,1047,0,1,1,targeted,14,m,w,student,0.0,1,.40-caliber Ruger semiautomatic pistol,stepfather,39.474405,-88.386955,58.05,9,12,518.0,Coles County,32.0,0
Pattengill Academy,Lansing Public School District,11/3/2017,2017-2018,2017,16:30:00,Friday,Lansing,Michigan,public,506,0,1,1,accidental,21,m,b,Unknown,0.0,0,handgun,puchased legally by shooter from Dicker & Deal,42.73889,-84.5243,27.84,4,6,393.0,Ingham County,12.0,0
Benjamin Banneker High School,Fulton County,11/9/2017,2017-2018,2017,15:25:00,Thursday,College Park,Georgia,public,1547,0,2,2,accidental,19,,Unknown,Unknown,0.0,1,small-caliber handgun,Unknown,33.59297,-84.5176,106.9,9,12,1544.0,Fulton County,21.0,0
Rancho Tehama Elementary School,Corning Union Elementary,11/14/2017,2017-2018,2017,07:50:00,Tuesday,Corning,California,public,101,0,2,2,targeted and indiscriminate,44,m,w,had beef with family of student at school,1.0,0,handmade AR-15-type rifle,contructed from parts legally purchased by shooter,40.015716,-122.398455,5.1,KG,5,84.0,Tehama County,43.0,0
Aztec High School,Aztec Municipal Schools,12/7/2017,2017-2018,2017,08:04:00,Thursday,Aztec,New Mexico,public,905,2,0,2,indiscriminate,21,m,w,former student,1.0,0,9mm Glock,legally purchased by shooter,36.820644,-107.990379,52.5,9,12,432.0,San Juan County,31.0,0
High Point Central High School,Guilford County Schools,12/11/2017,2017-2018,2017,14:08:00,Monday,High Point,North Carolina,public,1442,0,0,0,targeted,15,m,b,Unknown,0.0,1,handgun,Unknown,35.95795,-80.0231,94.67,9,12,904.0,Guilford County,12.0,0
The NET Charter High School,Rsd-educators For Quality Alternatives,1/22/2018,2017-2018,2018,13:30:00,Monday,New Orleans,Louisiana,public,172,0,0,0,targeted,19,,Unknown,Unknown,0.0,0,Unknown,Unknown,29.93996,-90.079691,19.94,9,12,488.0,Orleans Parish,11.0,0
Italy High School,Italy ISD,1/22/2018,2017-2018,2018,07:53:00,Monday,Italy,Texas,public,288,0,1,1,targeted,16,m,w,student,0.0,0,semi-automatic .380 caliber handgun,Unknown,32.181129,-96.878968,29.21,6,12,173.0,Ellis County,42.0,0
Marshall County High School,Marshall County,1/23/2018,2017-2018,2018,07:57:00,Tuesday,Benton,Kentucky,public,1384,2,14,16,indiscriminate,15,m,w,student,0.0,1,handgun,stepfather's bedroom,36.912835,-88.332917,73.1,9,12,584.0,Marshall County,42.0,0
Murphy High School,Mobile County,1/25/2018,2017-2018,2018,11:20:00,Thursday,Mobile,Alabama,public,2100,0,0,0,targeted,16,m,b,student,0.0,1,revolver,stolen,30.6828,-88.0867,120.0,9,12,905.0,Mobile County,12.0,0
Salvador B. Castro Middle School,Los Angeles Unified,2/1/2018,2017-2018,2018,09:00:00,Thursday,Los Angeles,California,public,345,0,5,5,accidental,12,f,Unknown,student,0.0,0,semi-automatic handgun,Unknown,34.06169,-118.265,15.83,6,8,309.0,Los Angeles County,11.0,0
Marjory Stoneman Douglas High School,Broward,2/14/2018,2017-2018,2018,14:21:00,Wednesday,Parkland,Florida,public,3158,17,17,34,indiscriminate,19,m,w,former student (expelled),0.0,1,Smith & Wesson M&P15,legally purchased by shooter,26.304483,-80.269365,129.0,9,12,710.0,Broward County,21.0,0
Dalton High School,Dalton City,2/28/2018,2017-2018,2018,11:30:00,Wednesday,Dalton,Georgia,public,1829,0,0,0,indiscriminate,53,m,w,teacher,0.0,1,.38-caliber snub-nosed revolver,Unknown,34.77972,-84.99053,101.7,9,12,1152.0,Whitfield County,13.0,0
Huffman High School,Birmingham City,3/7/2018,2017-2018,2018,15:45:00,Wednesday,Birmingham,Alabama,public,1433,1,0,1,accidental,17,m,b,student,0.0,1,pistol,Unknown,33.61291,-86.682,66.0,9,12,775.0,Jefferson County,12.0,0
Seaside High School,Monterey Peninsula Unified,3/13/2018,2017-2018,2018,13:20:00,Tuesday,Seaside,California,public,1059,0,3,3,accidental,19,m,w,teacher,0.0,0,Glock 21 .45-caliber handgun,department issued,36.62444,-121.838,52.75,9,12,736.0,Monterey County,22.0,0
Big Sky High School,Missoula H S,3/16/2018,2017-2018,2018,12:45:00,Friday,Missoula,Montana,public,1075,0,0,0,targeted,19,m,Unknown,resource officer,0.0,1,pistol,department issued,46.850867,-114.057737,68.29,9,12,405.0,Missoula County,13.0,0
Douglass Park Elementary School,Portsmouth City Pblc Schs,3/19/2018,2017-2018,2018,16:23:00,Monday,Portsmouth,Virginia,public,761,0,1,1,unclear,19,,Unknown,Unknown,0.0,0,Unknown,Unknown,36.81828,-76.3393,44.0,KG,6,758.0,Portsmouth City,13.0,0
Great Mills High School,St. Mary's County Public Schools,3/20/2018,2017-2018,2018,07:55:00,Tuesday,Great Mills,Maryland,public,1535,1,1,2,targeted,17,m,w,student,1.0,1,Glock semi-automatic handgun,father,38.24743,-76.4875,86.3,9,12,554.0,St. Mary's County,23.0,0
Eupora High School,Webster Co School Dist,3/28/2018,2017-2018,2018,14:40:00,Wednesday,Europa,Mississippi,public,472,0,0,0,indiscriminate,20,m,w,Unknown,3.0,0,9mm handgun,Unknown,33.543141,-89.274143,26.59,6,12,313.0,Webster County,43.0,0
Jackson High School,Jackson Public Schools,4/19/2018,2017-2018,2018,13:44:00,Thursday,Jackson,Michigan,public,1139,0,0,0,unclear,19,,Unknown,Unknown,3.0,0,handgun,Unknown,42.2499,-84.4185,56.04,9,12,693.0,Jackson County,13.0,0
Forest High School,Marion,4/20/2018,2017-2018,2018,08:39:00,Friday,Ocala,Florida,public,2181,0,1,1,indiscriminate,19,m,Unknown,former student,0.0,1,shotgun,Unknown,29.14362,-82.066682,101.0,9,12,1048.0,Marion County,22.0,0
Benjamin Elijah Mays High School,Atlanta Public Schools,4/23/2018,2017-2018,2018,13:00:00,Monday,Atlanta,Georgia,public,1256,0,0,0,targeted,19,m,b,Unknown,3.0,0,Unknown,Unknown,33.7339,-84.5038,85.7,9,12,987.0,Fulton County,11.0,0
Highland High School,Albuquerque Public Schools,4/25/2018,2017-2018,2018,14:30:00,Wednesday,Albuquerque,New Mexico,public,1163,0,1,1,targeted,19,m,h,father of student,0.0,0,handgun,owner's gun,35.074841,-106.592413,80.19,9,12,1161.0,Bernalillo County,11.0,0
Highland High School,Antelope Valley Union High,5/11/2018,2017-2018,2018,07:05:00,Friday,Palmdale,California,public,2931,0,1,1,targeted,14,m,Unknown,student,0.0,0,rifle,Unknown,34.591755,-118.175561,126.42,9,12,1717.0,Los Angeles County,21.0,0
Dixon High School,Dixon USD 170,5/16/2018,2017-2018,2018,08:00:00,Wednesday,Dixon,Illinois,public,803,0,0,0,targeted,19,m,w,student,0.0,1,rifle,mother,41.847128,-89.488508,40.6,9,12,347.0,Lee County,32.0,0
Santa Fe High School,Santa Fe ISD,5/18/2018,2017-2018,2018,07:30:00,Friday,Santa Fe,Texas,public,1462,10,13,23,indiscriminate,17,m,w,student,0.0,1,Remington 870 shotgun and a .38-caliber revolver,Unknown,29.393257,-95.143149,83.38,9,12,287.0,Galveston County,22.0,0
Noblesville West Middle School,Noblesville Schools,5/25/2018,2017-2018,2018,09:06:00,Friday,Noblesville,Indiana,public,1354,0,2,2,targeted,13,m,Unknown,student,0.0,1,".22 caliber gun, .45 caliber gun",Unknown,40.07825,-86.029001,64.0,6,8,268.0,Hamilton County,21.0,0
Villa Heights Elementary School,Charlotte-Mecklenburg Schools,8/30/2018,2018-2019,2018,07:30:00,Thursday,Charlotte,North Carolina,public,100,0,0,0,targeted,34,m,b,former boyfriend of student's mother,0.0,0,.45 caliber pistol,stolen,35.236843,-80.812768,9.63,KG,5,119.0,Mecklenburg County,11.0,0
Canyon Springs High School,Clark County School District,9/11/2018,2018-2019,2018,14:35:00,Tuesday,North Las Vegas,Nevada,public,2887,1,0,1,targeted,16,m,b,student,0.0,1,Unknown,Unknown,36.233566,-115.135695,115.0,9,12,2321.0,Clark County,21.0,0
Lawrence Orr Elementary School,Charlotte-Mecklenburg Schools,9/24/2018,2018-2019,2018,09:00:00,Monday,Charlotte,North Carolina,public,860,0,0,0,targeted,24,m,b,Unknown,3.0,0,Unknown,Unknown,35.225991,-80.743914,45.27,PK,5,857.0,Mecklenburg County,11.0,0
Denali Montessori Elementary School,Anchorage School District,10/3/2018,2018-2019,2018,10:00:00,Wednesday,Anchorage,Alaska,public,429,0,1,1,targeted,26,m,b,boyfriend of parent,0.0,0,Sig Sauer .40 caliber handgun,Unknown,61.213281,-149.881113,26.7,PK,6,178.0,Anchorage Municipality,11.0,0
Battle Creek Academy,Unknown,10/12/2018,2018-2019,2018,13:00:00,Friday,Battle Creek,Michigan,private,111,0,0,0,unclear,19,,Unknown,Unknown,3.0,0,Unknown,Unknown,42.33419,-85.207497,9.9,KG,12,488.0,Calhoun County,13.0,0
Paul Laurence Dunbar School,Bridgeport School District,10/22/2018,2018-2019,2018,08:15:00,Monday,Bridgeport,Connecticut,public,416,0,0,0,targeted,18,m,Unknown,Unknown,3.0,0,handgun,Unknown,41.177547,-73.164585,24.0,PK,8,377.0,Fairfield County,12.0,0
Butler High School,Charlotte-Mecklenburg Schools,10/29/2018,2018-2019,2018,07:00:00,Monday,Matthews,North Carolina,public,2133,1,0,1,targeted,16,m,b,student,0.0,1,.380 pistol,stolen,35.1203,-80.6916,114.21,9,12,876.0,Mecklenburg County,21.0,0
Simonsdale Elementary School,Portsmouth City Pblc Schs,11/20/2018,2018-2019,2018,15:45:00,Tuesday,Portsmouth,Virginia,public,702,0,1,1,accidental,29,m,b,parent of student,0.0,0,handgun,Unknown,36.82682,-76.36628,41.0,KG,5,351.0,Portsmouth City,13.0,0
Dennis Intermediate School,Richmond Community Schools,12/13/2018,2018-2019,2018,08:00:00,Thursday,Richmond,Indiana,public,647,0,0,0,indiscriminate,14,m,Unknown,student,1.0,1,handgun and a rifle,Unknown,39.832,-84.9114,59.5,5,8,527.0,Wayne County,32.0,0
Cascade Middle School,Bethel Sd 52,1/11/2019,2018-2019,2019,10:30:00,Friday,Eugene,Oregon,public,336,0,0,0,targeted,30,m,Unknown,father of student,1.0,1,handgun,Unknown,44.0788,-123.1667,16.6,6,8,248.0,Lane County,12.0,0
North High School,Minneapolis Public School District,1/16/2019,2018-2019,2019,12:30:00,Wednesday,Minneapolis,Minnesota,public,382,0,0,0,unclear,19,,Unknown,Unknown,3.0,0,Unknown,Unknown,44.994017,-93.300234,49.28,9,12,276.0,Hennepin County,11.0,0
Frederick Douglass High School,Baltimore City Public Schools,2/8/2019,2018-2019,2019,12:00:00,Friday,Baltimore,Maryland,public,877,0,1,1,targeted,25,m,Unknown,brother of student,0.0,0,Smith and Wesson .40 caliber gun,Unknown,39.3148,-76.6549,62.0,9,12,488.0,Baltimore City,11.0,0
V. Sue Cleveland High School,Rio Rancho Public Schools,2/14/2019,2018-2019,2019,07:15:00,Thursday,Rio Rancho,New Mexico,public,2404,0,0,0,targeted and indiscriminate,16,m,Unknown,student,0.0,0,.45 caliber handgun,Unknown,35.312773,-106.641929,123.06,9,12,750.0,Sandoval County,41.0,0
Robert E. Lee High School,Montgomery County,2/26/2019,2018-2019,2019,11:00:00,Tuesday,Montgomery,Alabama,public,1514,0,1,1,targeted,16,m,b,student,0.0,0,.40-caliber handgun,stolen from neighbor,32.378702,-86.271649,82.5,9,12,941.0,Montgomery County,12.0,0
Highlands Elementary School,Shawnee Mission Pub Sch,3/1/2019,2018-2019,2019,13:30:00,Friday,Mission,Kansas,public,321,0,0,0,indiscriminate,26,m,w,neighbor of school,0.0,0,handgun,Unknown,39.0168,-94.6409,27.2,PK,6,48.0,Johnson County,21.0,0
Blountsville Elementary School,Blount County,3/22/2019,2018-2019,2019,12:30:00,Friday,Blountsville,Alabama,public,632,0,1,1,accidental,72,m,w,substitute teacher,0.0,0,Taurus .380 pistol,legally purchased by shooter,34.0847,-86.586,37.39,KG,6,425.0,Blount County,42.0,0
Prescott High School,Prescott School District,4/1/2019,2018-2019,2019,09:14:00,Monday,Prescott,Arkansas,public,457,0,1,1,targeted,14,,Unknown,student,0.0,0,handgun,Unknown,33.791237,-93.377376,42.07,7,12,310.0,Nevada County,41.0,0
New Joseph Bonnheim Community Charter School,Sacramento City Unified,4/3/2019,2018-2019,2019,13:45:00,Wednesday,Sacramento,California,public,370,0,0,0,unclear,19,,Unknown,Unknown,3.0,0,Unknown,Unknown,38.5333,-121.4182,12.5,KG,6,253.0,Sacramento County,11.0,0
Saint Clair Evans Academy,Duval,4/3/2019,2018-2019,2019,11:00:00,Wednesday,Jacksonville,Florida,public,380,0,0,0,unclear,19,,Unknown,Unknown,3.0,0,Unknown,Unknown,30.371086,-81.695138,29.0,PK,5,336.0,Duval County,11.0,0
Flex High School,Flex High School Of Michigan,4/17/2019,2018-2019,2019,10:00:00,Wednesday,Flint,Michigan,public,120,0,0,0,targeted,16,,Unknown,student,0.0,0,Unknown,Unknown,43.059497,-83.73516,3.0,9,12,117.0,Genesee County,13.0,0
STEM School Highlands Ranch,Douglas County School District NO. Re 1,5/7/2019,2018-2019,2019,13:52:00,Tuesday,Highlands Ranch,Colorado,public,1850,1,8,9,indiscriminate,16,m,w,student,0.0,1,"Glock 21 .45-caliber semi-automatic pistol, Beretta M9 9mm semi-automatic pistol, Taurus Revolver and a Ruger 10/22 .22-caliber semi-automatic rifle",parent,39.5559,-104.9979,82.62,KG,12,89.0,Douglas County,21.0,1
Hendley Elementary School,District Of Columbia Public Schools,6/12/2019,2018-2019,2019,16:20:00,Wednesday,Washington,District of Columbia,public,379,0,0,0,unclear,19,,Unknown,Unknown,3.0,0,Unknown,Unknown,38.828872,-76.999555,29.5,PK,5,488.0,District of Columbia,11.0,0
Blount Elementary School,Montgomery County,8/8/2019,2019-2020,2019,07:26:00,Thursday,Montgomery,Alabama,public,150,0,0,0,targeted,38,m,b,father of student,0.0,0,pistol,Unknown,32.3106,-86.1324,25.0,KG,5,65.0,Montgomery County,41.0,0
Hollenbeck Middle School,Los Angeles Unified,8/27/2019,2019-2020,2019,11:00:00,Tuesday,Los Angeles,California,public,1023,0,1,1,unclear,19,,Unknown,Unknown,3.0,0,Unknown,Unknown,34.036765,-118.212583,47.83,6,8,982.0,Los Angeles County,11.0,0
South Aiken High School,Aiken 01,9/10/2019,2019-2020,2019,,Tuesday,Aiken,South Carolina,public,1405,0,0,0,unclear,19,,Unknown,Unknown,3.0,0,Unknown,Unknown,33.521766,-81.71303,78.8,9,12,441.0,Aiken County,21.0,0
Aiton Elementary School,District Of Columbia Public Schools,9/25/2019,2019-2020,2019,,Wednesday,Washington,District of Columbia,public,243,0,0,0,targeted,19,,Unknown,Unknown,3.0,0,Unknown,Unknown,38.896669,-76.933728,21.0,PK,5,488.0,District of Columbia,11.0,0
Ridgway High School,Santa Rosa High,10/22/2019,2019-2020,2019,09:00:00,Tuesday,Santa Rosa,California,public,257,0,1,1,targeted,17,,Unknown,student,3.0,0,Unknown,Unknown,38.4497,-122.7226,19.08,11,12,139.0,Sonoma County,12.0,0
Achievement Academy,Baltimore City Public Schools,11/11/2019,2019-2020,2019,14:00:00,Monday,Baltimore,Maryland,public,343,0,1,1,targeted,19,,Unknown,Unknown,3.0,0,Unknown,Unknown,39.366066,-76.571382,20.0,9,12,343.0,Baltimore City,11.0,0
Esteban Torres High School,Unknown,11/13/2019,2019-2020,2019,09:00:00,Wednesday,Los Angeles,California,public,1876,1,0,1,targeted,19,,Unknown,sheriff's deputy,3.0,1,Unknown,police,34.041846,-118.175531,97.75,9,12,1802.0,Los Angeles County,21.0,0
Saugus High School,William S. Hart Union High,11/14/2019,2019-2020,2019,07:38:00,Thursday,Saugus,California,public,2441,2,3,5,indiscriminate,16,m,Unknown,student,1.0,0,.45 caliber 1911 pistol,ghost gun,34.441924,-118.518128,93.98,9,12,406.0,Los Angeles County,21.0,0
Waukesha South High School,Waukesha School District,12/2/2019,2019-2020,2019,09:00:00,Monday,Waukesha,Wisconsin,public,946,0,1,1,targeted,19,m,w,resource officer,0.0,1,handgun,department issued,42.993,-88.2237,73.3,9,12,395.0,Waukesha County,13.0,0
Oshkosh West High School,Oshkosh Area School District,12/3/2019,2019-2020,2019,09:00:00,Tuesday,Oshkosh,Wisconsin,public,1702,0,1,1,targeted,19,m,w,resource officer,0.0,1,handgun,department issued,44.0225,-88.5736,116.1,9,12,435.0,Winnebago County,13.0,0
Decatur High School,Decatur City,12/10/2019,2019-2020,2019,08:20:00,Tuesday,Decatur,Alabama,public,1036,0,0,0,targeted,22,m,Unknown,Unknown,0.0,0,Unknown,Unknown,34.593282,-86.97216,64.5,9,12,586.0,Morgan County,13.0,0
Sacred Heart School,Unknown,12/10/2019,2019-2020,2019,12:45:00,Tuesday,Jersey City,New Jersey,private,219,0,0,0,targeted,19,,Unknown,Unknown,3.0,0,Unknown,Unknown,40.706963,-74.083408,11.5,PK,8,488.0,Hudson County,11.0,0
Catholic Academy of New Haven,Unknown,12/16/2019,2019-2020,2019,09:00:00,Monday,New Haven,Connecticut,private,292,0,0,0,targeted,19,m,b,Unknown,3.0,0,Unknown,Unknown,41.325823,-72.963177,13.0,PK,8,488.0,New Haven County,12.0,0
Bellaire High School,Houston ISD,1/14/2020,2019-2020,2020,16:00:00,Tuesday,Bellaire,Texas,public,3487,1,0,1,accidental,16,m,Unknown,student,0.0,0,.32 caliber semi-automatic pistol,Unknown,29.692163,-95.469159,203.32,9,12,1665.0,Harris County,21.0,0
McAuliffe Elementary School,Oxnard,1/23/2020,2019-2020,2020,11:30:00,Thursday,Oxnard,California,public,698,0,1,1,indiscriminate,19,,Unknown,Unknown,3.0,0,Unknown,Unknown,34.1876,-119.2135,32.0,KG,12,374.0,Ventura County,12.0,0
West High School,Salt Lake District,2/13/2020,2019-2020,2020,15:00:00,Thursday,Salt Lake City,Utah,public,2703,0,0,0,targeted,19,,Unknown,student,3.0,0,Unknown,Unknown,40.774742,-111.900444,111.84,7,12,1483.0,Salt Lake County,12.0,0
Antioch High School,Antioch Unified,2/19/2020,2019-2020,2020,09:30:00,Wednesday,Antioch,California,public,2061,0,0,0,targeted,15,m,Unknown,Unknown,3.0,0,Unknown,Unknown,38.0063,-121.8163,87.84,9,12,1460.0,Contra Costa County,21.0,0
Cesar Chavez Community School,Cesar Chavez Community School,2/21/2020,2019-2020,2020,11:00:00,Friday,Albuquerque,New Mexico,public,203,0,0,0,unclear,19,,Unknown,Unknown,3.0,0,Unknown,Unknown,35.059669,-106.583882,11.36,9,12,203.0,Bernalillo County,11.0,0
Sagemont School,Unknown,3/5/2020,2019-2020,2020,12:00:00,Thursday,Weston,Florida,private,651,0,1,1,accidental,55,m,b,security guard,0.0,0,Unknown,Unknown,26.13796,-80.424081,46.0,PK,12,488.0,Broward County,21.0,0
Ribault High School,Duval,10/9/2020,2020-2021,2020,14:00:00,Friday,Jacksonville,Florida,public,1383,0,1,1,accidental,18,,Unknown,Unknown,0.0,0,.380-caliber handgun,Unknown,30.3906,-81.7073,68.0,9,12,884.0,Duval County,11.0,0
Lincoln Elementary School,Brunswick County Schools,11/13/2020,2020-2021,2020,14:00:00,Friday,Leland,North Carolina,public,594,0,1,1,accidental,19,,Unknown,Unknown,0.0,0,Unknown,Unknown,34.2618,-78.0429,40.0,PK,5,495.0,Brunswick County,22.0,0
Hendersonville Middle School,Henderson County Schools,11/24/2020,2020-2021,2020,07:45:00,Tuesday,Hendersonville,North Carolina,public,561,0,1,1,accidental,12,m,Unknown,Unknown,0.0,0,Unknown,Unknown,35.3219,-82.473,41.0,6,8,254.0,Handerson County,21.0,0
Watson Chapel Junior High,Watson Chapel School District,3/1/2021,2020-2021,2021,09:55:00,Monday,Pine Bluff,Arkansas,public,615,1,0,1,targeted,15,m,b,Unknown,3.0,0,handgun,Unknown,34.189927,-92.065921,43.53,7,9,488.0,Jefferson County,41.0,0
Wayne Central Middle School,Wayne Central School District,3/1/2021,2020-2021,2021,09:40:00,Monday,Ontario,New York,public,693,0,1,1,targeted,19,m,w,employee,3.0,0,Smith and Wesson M&P .45 caliber handgun,SRO,43.2197,-77.3036,67.09,5,8,268.0,Wayne County,21.0,0
Edwards Elementary School,Chesterfield 01,3/8/2021,2020-2021,2021,13:30:00,Monday,Chesterfield,South Carolina,public,503,0,1,1,targeted,54,,Unknown,Unknown,3.0,0,Unknown,Unknown,34.737634,-80.11771,36.0,PK,5,503.0,Chesterfield County,42.0,0
Bishop Hartley High School,Unknown,3/9/2021,2020-2021,2021,08:50:00,Tuesday,Columbus,Ohio,private,679,0,0,0,unclear,19,,Unknown,Unknown,3.0,0,Unknown,Unknown,39.94497,-82.910821,47.3,9,12,488.0,Franklin County,11.0,0
Selma High School,Selma City Schools,4/1/2021,2020-2021,2021,13:00:00,Thursday,Selma,Alabama,public,777,0,0,0,targeted,15,m,b,Unknown,3.0,0,handgun,Unknown,32.428416,-87.022637,39.0,7,12,662.0,Dallas County,32.0,0
Austin-East Magnet High,Knox County,4/12/2021,2020-2021,2021,15:15:00,Monday,Knoxville,Tennessee,public,728,0,1,1,accidental,17,m,b,Unknown,1.0,1,Glock 45 handgun,Unknown,35.9901,-83.887,59.3,9,12,472.0,Knox County,12.0,0
Ply_mouth Middle School,Robbinsdale Area Schools,4/26/2021,2020-2021,2021,08:44:00,Monday,Ply_mouth,Minnesota,public,1001,0,0,0,indiscriminate,12,m,w,Unknown,3.0,0,handgun,father's bedroom,45.020964,-93.406233,36.5,6,8,397.0,Hennepin County,13.0,0
Smyrna Middle School,Smyrna School District,4/27/2021,2020-2021,2021,10:25:00,Tuesday,Smyrna,Delaware,public,984,1,0,1,targeted,47,m,b,Unknown,3.0,0,handgun,Unknown,39.302595,-75.623778,64.0,7,8,488.0,Kent County,41.0,0
Urban Dove Team Charter School,Urban Dove Team Charter School,4/29/2021,2020-2021,2021,14:45:00,Thursday,Brooklyn,New York,public,313,1,0,1,targeted,15,m,b,Unknown,3.0,0,Unknown,Unknown,40.622473,-73.954975,24.0,10,12,268.0,Kings County,11.0,1
Mary Evelyn Castle Elementary School,Metropolitan School District of Lawrence Township,4/30/2021,2020-2021,2021,13:00:00,Friday,Indianapolis,Indiana,public,672,0,1,1,targeted,32,m,Unknown,Unknown,3.0,0,Unknown,Unknown,39.9081,-86.018,34.0,1,6,393.0,Marion County,11.0,0
Ware Shoals High School,Greenwood 51,5/5/2021,2020-2021,2021,08:00:00,Wednesday,Ware Shoals,South Carolina,public,272,0,0,0,public suicide,15,m,w,Unknown,1.0,0,handgun,mom's gun; kept in her car,34.393145,-82.238603,20.0,9,12,144.0,Greenwood County,42.0,0
Rigby Middle School,Jefferson County Joint District,5/6/2021,2020-2021,2021,09:00:00,Thursday,Rigby,Idaho,public,1541,0,3,3,indiscriminate,19,f,Unknown,student,3.0,0,handgun,Unknown,43.668498,-111.941927,76.82,6,8,508.0,Jefferson County,41.0,0
North Forest High School,Houston Isd,6/9/2021,2020-2021,2021,10:30:00,Wednesday,Houston,Texas,public,976,0,1,1,targeted,19,,Unknown,Unknown,3.0,0,Unknown,Unknown,29.867029,-95.259744,58.28,9,12,931.0,Harris County,11.0,0
Saint Francis de Sales School,Unknown,8/6/2021,2021-2022,2021,13:00:00,Friday,Houma,Louisiana,private,660,0,1,1,targeted,17,m,b,Unknown,3.0,0,Unknown,Unknown,29.60752,-90.734161,35.0,PK,7,488.0,Terrebonne County,13.0,0
Lithonia High School,Dekalb County,8/12/2021,2021-2022,2021,15:00:00,Thursday,Lithonia,Georgia,public,1362,0,1,1,targeted,19,,Unknown,resource officer,3.0,1,handgun,Unknown,33.725,-84.1294,88.5,9,12,1075.0,Dekalb County,21.0,0
Washington Middle School,Albuquerque Public Schools,8/13/2021,2021-2022,2021,12:45:00,Friday,Albuquerque,New Mexico,public,442,1,0,1,targeted,13,m,Unknown,Unknown,3.0,0,handgun,Unknown,35.086144,-106.661691,34.4,6,8,442.0,Bernalillo County,11.0,0
Orangeburg-Wilkinson High School,Orangeburg,8/18/2021,2021-2022,2021,16:00:00,Wednesday,Orangeburg,South Carolina,public,1016,0,3,3,targeted,14,m,Unknown,Unknown,3.0,0,Unknown,Unknown,33.524095,-80.836538,57.0,9,12,1016.0,Orangeburg County,32.0,0
New Hanover High School,New Hanover County Schools,8/30/2021,2021-2022,2021,11:00:00,Monday,Wilmington,North Carolina,public,1529,0,1,1,targeted,15,m,b,Unknown,3.0,0,Unknown,Unknown,34.2374,-77.9324,95.53,9,12,1504.0,New Hanover County,12.0,0
Mount Tabor High School,Winston Salem / Forsyth County Schools,9/1/2021,2021-2022,2021,12:00:00,Wednesday,Winston-Salem,North Carolina,public,1491,1,0,1,targeted,15,m,Unknown,Unknown,3.0,0,Unknown,Unknown,36.1268,-80.3132,81.76,9,12,595.0,Forsyth County,12.0,0
LaVergne High School,Rutherford County,9/7/2021,2021-2022,2021,15:30:00,Tuesday,Lavergne,Tennessee,public,1910,0,0,0,targeted,15,m,Unknown,Unknown,3.0,0,Unknown,Unknown,35.9887,-86.5597,115.1,9,12,1150.0,Rutherford County,21.0,0
Tri-County Education Center,Ferndale Public Schools,9/8/2021,2021-2022,2021,14:30:00,Wednesday,Ferndale,Michigan,public,360,0,0,0,targeted,19,m,Unknown,Unknown,3.0,0,Unknown,Unknown,42.450386,-83.159362,6.48,9,12,262.0,Oakland County,21.0,0
Heritage High School,Newport News City Pblc Schs,9/20/2021,2021-2022,2021,11:39:00,Monday,Newport News,Virginia,public,1173,0,2,2,targeted,15,m,Unknown,Unknown,3.0,0,Unknown,Unknown,37.0063,-76.4272,77.34,9,12,862.0,Newport News City,12.0,0
Newton County Elementary School,Newton County School District,9/30/2021,2021-2022,2021,13:45:00,Thursday,Decatur,Mississippi,public,787,0,1,1,accidental,19,m,Unknown,student,0.0,0,handgun,boyfriend of child's mother,32.446371,-89.105538,60.0,PK,5,449.0,Newton County,42.0,0
Cummings K-8 Optional School,Shelby County,9/30/2021,2021-2022,2021,10:00:00,Thursday,Memphis,Tennessee,public,495,0,1,1,targeted,13,m,Unknown,Unknown,3.0,0,Unknown,Unknown,35.1189,-90.0283,29.3,PK,8,488.0,Shelby County,11.0,0
YES Prep Southwest Secondary,Yes Prep Public Schools Inc,10/1/2021,2021-2022,2021,11:45:00,Friday,Houston,Texas,public,1010,0,1,1,targeted,25,m,Unknown,former student,3.0,0,Unknown,Unknown,29.605766,-95.44306,61.51,6,12,922.0,Harris County,21.0,0
Timberview High School,Mansfield Isd,10/6/2021,2021-2022,2021,09:15:00,Wednesday,Arlington,Texas,public,1900,0,4,4,targeted,18,m,b,student,3.0,0,handgun,Unknown,32.622073,-97.076321,11.22,9,11,120.0,Tarrant County,11.0,0
Little Rock Central High School,Little Rock School District,10/12/2021,2021-2022,2021,11:27:00,Tuesday,Little Rock,Arkansas,public,2430,0,0,0,unclear,19,,Unknown,Unknown,3.0,0,Unknown,Unknown,34.736827,-92.298954,167.63,9,12,1188.0,Pulaski County,12.0,0
Wendell Phillips Academy High School,City Of Chicago Sd 299,10/12/2021,2021-2022,2021,15:15:00,Tuesday,Chicago,Illinois,public,599,0,2,2,indiscriminate,19,,Unknown,Unknown,3.0,0,Unknown,Unknown,41.8244,-87.6199,47.0,9,12,576.0,Cook County,11.0,0
James McDade Classical School,City Of Chicago Sd 299,10/13/2021,2021-2022,2021,08:38:00,Wednesday,Chicago,Illinois,public,176,0,0,0,targeted,19,,Unknown,Unknown,3.0,0,Unknown,Unknown,41.7344,-87.6188,10.0,KG,6,47.0,Cook County,11.0,0
Cathedral School,Unknown,10/26/2021,2021-2022,2021,09:20:00,Tuesday,Natchez,Mississippi,private,665,0,0,0,unclear,19,,Unknown,Unknown,3.0,0,Unknown,Unknown,31.562163,-91.394805,52.5,PK,12,488.0,Adams County,33.0,0
Poughkeepsie High School,Poughkeepsie City School District,11/15/2021,2021-2022,2021,15:15:00,Monday,Poughkeepsie,New York,public,1153,0,0,0,targeted,13,m,Unknown,student,3.0,0,.38-caliber handgun,Unknown,41.6948,-73.9138,102.83,9,12,865.0,Dutchess County,13.0,0
P.S. 44,New York City Geographic District #12,11/16/2021,2021-2022,2021,14:15:00,Tuesday,Bronx,New York,public,263,0,0,0,unclear,45,m,Unknown,Unknown,3.0,0,handgun,Unknown,40.8425,-73.891,25.0,PK,5,258.0,Bronx County,11.0,0
Hinkley High School,Aurora Joint District NO. 28 Of The Counties Of Adams And Arapahoe,11/19/2021,2021-2022,2021,12:00:00,Friday,Aurora,Colorado,public,2091,0,3,3,targeted,16,,Unknown,student,3.0,1,Unknown,Unknown,39.7349,-104.8086,107.93,9,12,1726.0,Arapahoe County,11.0,0
Thornton Township High School,Thornton Twp Hsd 205,11/24/2021,2021-2022,2021,15:00:00,Wednesday,Harvey,Illinois,public,1569,0,0,0,targeted,19,,Unknown,Unknown,3.0,0,Unknown,Unknown,41.61606,-87.643734,116.0,9,12,992.0,Cook County,21.0,0
Cesar Chavez High School,Phoenix Union High School District (4286),11/29/2021,2021-2022,2021,15:00:00,Monday,Laveen,Arizona,public,2590,0,1,1,targeted,15,m,Unknown,student,3.0,0,Unknown,Unknown,33.3757,-112.1463,123.4,9,12,1605.0,Maricopa County,11.0,0
Oxford High School,Oxford Community Schools,11/30/2021,2021-2022,2021,12:50:00,Tuesday,Oxford,Michigan,public,1872,4,7,11,indiscriminate,15,m,w,student,0.0,0,9mm handgun,parent,42.838243,-83.260782,81.8,9,12,451.0,Oakland County,21.0,0
Sam Rayburn High School,Pasadena Isd,12/1/2021,2021-2022,2021,23:00:00,Wednesday,Pasadena,Texas,public,2724,0,0,0,targeted,21,m,Unknown,Unknown,3.0,0,Unknown,Unknown,29.678303,-95.182324,175.78,9,12,2210.0,Harris County,21.0,0
Great Oaks Charter School,Great Oaks Charter School,12/9/2021,2021-2022,2021,09:30:00,Thursday,New York,New York,public,299,0,0,0,unclear,19,,Unknown,Unknown,3.0,0,Unknown,Unknown,40.719909,-73.991729,20.0,6,9,256.0,New York County,11.0,0
Jesse C. Carson High School,Rowan-salisbury Schools,12/9/2021,2021-2022,2021,14:00:00,Thursday,China Grove,North Carolina,public,1245,0,0,0,accidental,19,,Unknown,Unknown,0.0,0,Unknown,Unknown,35.563,-80.5457,71.24,9,12,461.0,Rowan County,41.0,0
West Charlotte High School,Charlotte-mecklenburg Schools,12/13/2021,2021-2022,2021,14:15:00,Monday,Charlotte,North Carolina,public,1376,0,0,0,targeted,19,,Unknown,student,3.0,0,Unknown,Unknown,35.2654,-80.8585,90.6,9,12,1372.0,Mecklenburg County,11.0,0
Eau Claire High School,Richland 01,12/16/2021,2021-2022,2021,15:00:00,Thursday,Columbia,South Carolina,public,510,0,0,0,targeted,15,m,Unknown,student,3.0,0,Unknown,Unknown,34.048231,-81.040984,50.0,9,12,510.0,Richland County,12.0,0
Auburn High School,Rockford Sd 205,1/4/2022,2021-2022,2022,13:10:00,Tuesday,Rockford,Illinois,public,1807,0,2,2,targeted,16,m,b,Unknown,3.0,0,9mm handgun,Unknown,42.286784,-89.137895,101.1,9,12,1105.0,Winnebago County,12.0,1
Seminole High School,Seminole,1/19/2022,2021-2022,2022,12:00:00,Wednesday,Sanford,Florida,public,4062,0,1,1,targeted,16,m,b,student,3.0,0,9mm handgun,Unknown,28.7793,-81.283,149.07,9,12,2032.0,Seminole County,13.0,0
Oliver Citywide Academy,Pittsburgh Sd,1/19/2022,2021-2022,2022,13:45:00,Wednesday,Pittsburgh,Pennsylvania,public,105,1,0,1,targeted,19,,Unknown,Unknown,3.0,0,Unknown,Unknown,40.464327,-80.024121,22.63,3,12,86.0,Allegheny County,11.0,0
Magruder High School,Montgomery County Public Schools,1/21/2022,2021-2022,2022,13:00:00,Friday,Rockville,Maryland,public,1697,0,1,1,targeted,17,m,Unknown,student,3.0,0,Unknown,Unknown,39.1313,-77.1183,101.8,9,12,545.0,Montgomery County,41.0,0
South Education Center,Intermediate School District 287,2/1/2022,2021-2022,2022,12:07:00,Tuesday,Richfield,Minnesota,public,71,1,1,2,targeted,19,m,h,student,3.0,0,Unknown,Unknown,44.868045,-93.310844,8.2,PK,12,47.0,Hennepin County,21.0,1
Mount Vernon High School,Mount Vernon City School District,2/8/2022,2021-2022,2022,14:00:00,Tuesday,Mount Vernon,New York,public,1302,0,0,0,unclear,19,,Unknown,Unknown,3.0,0,Unknown,Unknown,40.9258,-73.8151,79.74,9,12,488.0,Westchester County,21.0,0
Liberty Point International School,Pueblo County School District 70,2/22/2022,2021-2022,2022,15:30:00,Tuesday,Pueblo West,Colorado,public,536,1,0,1,targeted,19,,Unknown,police officer,3.0,0,service weapon,Unknown,38.3173,-104.7291,26.0,6,8,319.0,Pueblo County,22.0,0
Jonesboro High School,Clayton County School District,2/28/2022,2021-2022,2022,,Monday,Clayton County,Georgia,public,1383,0,0,0,unclear,19,,Unknown,student,3.0,0,Loaded handgun,Unknown,33.5427,-84.3428,75.3,9,12,1286.0,Clayton County,21.0,0
Olathe East High School,Olathe School District,3/4/2022,2021-2022,2022,10:30:00,Friday,Olathe,Kansas,public,1957,0,2,2,targeted,18,m,b,student,3.0,0,Unknown,Unknown,38.8959,-94.7539,117.3,9,12,482.0,Johnson County,21.0,0
East High School,Des Moines Public Schools,3/7/2022,2021-2022,2022,15:00:00,Monday,Des Moines,Iowa,public,2204,1,2,3,indiscriminate,19,,Unknown,Unknown,3.0,0,Unknown,Unknown,41.5969,-93.600681,97.1,9,12,1815.0,Polk County,12.0,0
North Gardens High School,Miami-Dade School District,3/9/2022,2021-2022,2022,13:30:00,Wednesday,Miami Gardens,Florida,public,335,0,3,3,indiscriminate,17,m,Unknown,Unknown,3.0,0,Glock,Unknown,25.938839,-80.276769,6.0,9,12,140.0,Miami-Dade County,21.0,1
De Anza High School,West Contra Costa Unified,3/11/2022,2021-2022,2022,,Friday,Richmond,California,public,1380,0,1,1,targeted,19,,Unknown,student,3.0,0,Unknown,Unknown,37.969409,-122.288035,62.89,9,12,1063.0,Contra Costa County,21.0,0
Eisenhower High School,Yakima School District,3/15/2022,2021-2022,2022,15:00:00,Tuesday,Yakima,Washington,public,1908,1,0,1,targeted,15,m,Unknown,student,3.0,0,Unknown,Unknown,46.591635,-120.565796,97.97,9,12,1333.0,Yakima County,13.0,0
Mott-Regent School,Mott-regent 1,3/21/2022,2021-2022,2022,,Wednesday,Hettinger County,North Dakota,public,98,1,0,1,targeted,19,m,Unknown,police officer,3.0,0,service pistol,Unknown,46.372185,-102.318612,15.5,7,12,43.0,Hettinger County,43.0,0
Rippon Middle School,Prince William Co Pblc Schs,3/22/2022,2021-2022,2022,11:00:00,Thursday,Woodbridge,Virginia,public,1371,0,0,0,indiscriminate,20,m,b,Unknown,3.0,0,rifle and shotgun,Unknown,38.6226,-77.2671,82.67,6,7,488.0,Prince William County,21.0,0
Western High School,Clark County School District,3/29/2022,2021-2022,2022,14:15:00,Tuesday,Las Vegas,Nevada,public,2732,0,2,0,targeted,19,,Unknown,school police officer,3.0,0,Unknown,Unknown,36.176163,-115.202879,103.0,9,12,2732.0,Clark County,11.0,0
West Philadelphia Achievement Charter Elementary School,Philadelphia Public School Dis,3/31/2022,2021-2022,2022,09:00:00,Thursday,Philadelphia,Pennsylvania,public,470,0,0,0,accidental,8,m,Unknown,student,0.0,0,Unknown,Unknown,32.780532,-89.105653,36.2,PK,6,470.0,Neshoba County,33.0,0
Tanglewood Middle,Greenville County School District,3/31/2022,2021-2022,2022,12:26:00,Thursday,Greenville,South Carolina,public,868,1,0,1,targeted,12,m,Unknown,student,3.0,0,handgun,Unknown,34.824083,-82.46882,45.0,6,8,868.0,Greenville County,41.0,0
Lowellville Junior/Senior High School,Lowellville Local,4/5/2022,2021-2022,2022,10:00:00,Thursday,Lowellville,Ohio,public,219,0,0,0,public suicide,19,,Unknown,student,3.0,0,Unknown,Unknown,41.044822,-80.552325,18.46,7,12,488.0,Mahoning County,21.0,0
Erie High School,Erie City Shool District,4/5/2022,2021-2022,2022,09:20:00,Tuesday,Erie,Pennsylvania,public,2267,0,1,1,targeted,14,m,Unknown,student,3.0,0,9mm handgun,Unknown,42.101896,-80.082293,153.25,9,12,2264.0,Erie County,13.0,0
Pine Bluff High School,Pine Bluff School District,4/11/2022,2021-2022,2022,14:45:00,Monday,Pine Bluff,Arkansas,public,892,0,0,0,unclear,19,m,Unknown,student,3.0,1,Unknown,Unknown,34.219096,-92.010781,58.17,9,12,892.0,Jefferson County,13.0,0
Edmund Burke School,Unknown,4/22/2022,2021-2022,2022,15:18:00,Friday,Washington,District of Columbia,private,300,0,4,4,indiscriminate,23,m,Unknown,Unknown,1.0,0,sniper rifle,Unknown,38.94304098,-77.06209293,55.3,9,12,488.0,District of Columbia,11.0,0
Aspen Ridge Elementary School,Nice Community School District,4/26/2022,2021-2022,2022,13:30:00,Tuesday,West Ishpeming,Michigan,public,753,0,0,0,public suicide,19,m,Unknown,student,3.0,0,Unknown,Unknown,46.4805,-87.7289,50.95,KG,8,264.0,Marquette County,41.0,0
Heights High School,The Houston Independent School District,5/12/2022,2021-2022,2022,13:15:00,Thursday,Houston,Texas,public,2450,0,1,1,targeted,17,m,Unknown,student,3.0,0,AK pistol,Unknown,29.795384,-95.3935,123.15,9,12,1613.0,Harris County,11.0,0
Alexander W. Dreyfoos School of Arts,Palm Beach County,5/13/2022,2021-2022,2022,11:58:00,Friday,West Palm Beach,Florida,public,1363,1,0,0,targeted,19,f,Unknown,off-duty police officer,3.0,0,Unknown,Unknown,26.709238,-80.059481,65.0,9,12,327.0,Palm Beach County,12.0,0
Walt Disney Magnet School,City Of Chicago Sd 299,5/17/2022,2021-2022,2022,10:00:00,Tuesday,Chicago,Illinois,public,1536,0,1,1,accidental,8,m,Unknown,student,0.0,0,Unknown,Unknown,41.9568,-87.6469,91.0,PK,8,865.0,Cook County,11.0,0
Mexia High School,Mexia Independent School District,5/17/2022,2021-2022,2022,11:20:00,Monday,Mexia,Texas,public,531,0,0,0,unclear,17,m,Unknown,student,3.0,0,Unknown,Unknown,31.696012,-96.473307,42.8,9,12,431.0,Limestone County,33.0,0
Robb Elementary School,Uvalde CISD,5/24/2022,2021-2022,2022,11:33:00,Tuesday,Uvalde,Texas,public,538,21,12,33,indiscriminate,18,m,h,Unknown,3.0,0,Unknown,Unknown,29.199304,-99.78812,34.53,3,4,438.0,Uvalde County,33.0,0
Ulysses S. Grant High School,Los Angeles Unified School District,6/1/2022,2021-2022,2022,15:25:00,Wednesday,Los Angeles,California,public,1886,0,1,2,targeted,19,,Unknown,Unknown,3.0,0,Unknown,Unknown,34.177798,-118.415327,94.35,9,12,2609.0,Los Angeles County,11.0,0
Walnut Park Elementary,Gadsden City,6/9/2022,2022-2023,2022,09:30:00,Thursday,Gadsden,Alabama,public,203,1,1,2,targeted,19,,Unknown,police officer,3.0,0,Unknown,Unknown,34.0107,-86.0562,13.46,PK,5,252.0,Etowah County,13.0,0
John Finney High School,Vallejo City Unified District,7/20/2022,2022-2023,2022,09:25:00,Wednesday,Vallejo,California,public,135,0,0,0,unclear,19,m,h,Unknown,3.0,0,Unknown,Unknown,38.111902,-122.243859,7.12,9,12,93.0,Solano County,12.0,0
Madison Park Academy,Oakland Unified School District,8/29/2022,2022-2023,2022,13:30:00,Monday,Oakland,California,public,754,0,1,1,accidental,12,m,Unknown,student,0.0,0,Unknown,Unknown,37.727297,-122.178837,45.3,6,12,694.0,Alameda County,11.0,0
Mergenthaler Vocational Technical High School,Baltimore City Public Schools District,9/2/2022,2022-2023,2022,15:00:00,Friday,Baltimore,Maryland,public,1785,1,0,1,targeted,17,m,Unknown,student,3.0,0,handgun,Unknown,39.3322,-76.5911,105.5,9,12,1187.0,Baltimore City,11.0,0
Treasure Cost Classical Academy,Martin District,9/19/2022,2022-2023,2022,,Monday,Stuart,Florida,public,1030,0,0,0,accidental,19,m,w,school resource deputy,0.0,0,handgun,Unknown,27.120513,-80.234928,67.0,KG,12,153.0,Martin County,21.0,0
Mankato West High School,Mankoto Public School District,9/20/2022,2022-2023,2022,12:00:00,Tuesday,Mankoto,Minnesota,public,1243,0,0,0,suicide,19,m,Unknown,student,3.0,0,Unknown,Unknown,44.159231,-94.017529,55.56,9,12,259.0,Blue Earth County,13.0,0
Rudsdale High School,Oakland Unified School District,9/28/2022,2022-2023,2022,12:45:00,Wednesday,Oakland,California,public,294,0,6,6,indiscriminate,19,,Unknown,Unknown,3.0,0,Unknown,Unknown,37.76573,-122.153923,17.8,9,12,255.0,Alameda County,11.0,0
Jeremiah E. Burke High School,Boston Public Schools Library and Media Services,10/4/2022,2022-2023,2022,09:30:00,Tuesday,Dorchester,Massachusetts,public,390,0,1,1,targeted,17,m,Unknown,student,3.0,0,Unknown,Unknown,42.306942,-71.081648,34.89,9,12,488.0,Suffolk County,11.0,0
James Madison Academic Campus,Milwaukee Public Schools,10/10/2022,2022-2023,2022,15:30:00,Monday,Milwaukee,Wisconsin,public,699,0,1,1,unclear,19,,Unknown,Unknown,3.0,0,Unknown,Unknown,43.1261,-88.0128,41.8,9,12,699.0,Milwaukee County,11.0,0
Central Visual and Performing Arts High School,St. Louis City,10/24/2022,2022-2023,2022,09:10:00,Monday,St. Louis,Missouri,public,380,2,7,9,indiscriminate,19,m,b,Unknown,3.0,0,Unknown,Unknown,38.604372,-90.270897,26.45,9,12,377.0,St. Louis City,11.0,0
Ingraham High School,Seattle School District No. 1,11/8/2022,2022-2023,2022,,Tuesday,Seattle,Washington,public,1483,1,0,1,targeted,14,m,Unknown,student,3.0,0,handgun,Unknown,47.7257,-122.3369,72.41,9,12,186.0,King County,11.0,1
Ball Elementary School,Ball Chatham Cusd 5,11/11/2022,2022-2023,2022,13:26:00,Tuesday,Ball,Louisiana,public,606,0,2,2,targeted,19,,Unknown,Unknown,3.0,0,Unknown,Unknown,39.6716,-89.629,36.32,PK,4,488.0,Sangamon County,41.0,0
South Vermillion High School,South Vermillion Com Sch Corp,11/17/2022,2022-2023,2022,09:30:00,Thursday,Clinton,Indiana,public,535,0,1,1,accidental,19,m,Unknown,sheriff deputy,0.0,1,handgun,Unknown,39.689,-87.4138,37.74,9,12,195.0,Vermillion County,31.0,0
Freedom Preparatory High School,Shelby County,12/5/2022,2022-2023,2022,12:27:00,Monday,Memphis,Tennessee,public,288,0,1,1,accidental,15,m,Unknown,student,0.0,0,Unknown,Unknown,35.032022,-90.036586,14.84,6,8,156.0,Shelby County,11.0,0
Suitland High School,Prince George's County Public Schools,12/8/2022,2022-2023,2022,10:00:00,Thursday,Forestville,Maryland,public,2047,0,1,1,targeted,16,m,Unknown,student,3.0,0,Unknown,Unknown,38.853645,-76.917277,133.0,9,12,807.0,Prince George's County,21.0,0
Fuquay-Varina Middle School,Wake County Schools,12/8/2022,2022-2023,2022,08:03:00,Thursday,Fuquay-Varina,North Carolina,public,1157,0,0,0,accidental,12,,Unknown,student,3.0,0,Unknown,Unknown,35.585093,-78.793497,65.5,6,8,196.0,Wake County,21.0,0
Cleveland High School,Portland County Schools,12/12/2022,2022-2023,2022,12:30:00,Monday,Portland,Oregon,public,1625,0,1,1,targeted,19,,Unknown,Unknown,3.0,0,Unknown,Unknown,45.4985,-122.6391,80.56,9,12,148.0,Multnomah County,11.0,0
Benjamin Franklin High School,Rochester City School District,1/5/2023,2022-2023,2023,,Thursday,Rochester,New York,public,1029,0,0,0,targeted,19,,Unknown,Unknown,3.0,0,Unknown,Unknown,43.188169,-77.597958,108.7,9,12,941.0,Monroe County,12.0,0
Beechcroft High School,Columbus City School District,1/6/2023,2022-2023,2023,11:30:00,Thursday,Columbus,Ohio,public,630,0,0,0,unclear,15,,Unknown,student,3.0,0,Unknown,Unknown,40.0942,-82.9647,44.0,9,10,488.0,Franklin County,11.0,0
Richneck Elementary School,Newport News City of Public Schools,1/6/2023,2022-2023,2023,14:00:00,Friday,Newport News,Virginia,public,586,0,1,1,targeted,6,m,Unknown,student,3.0,0,handgun,Unknown,37.1564,-76.5237,31.0,KG,5,492.0,Newport News City,12.0,0
William Penn High School,Colonial School District,1/10/2023,2022-2023,2023,11:40:00,Monday,New Castle,Delaware,public,2270,0,0,0,accidental,16,m,Unknown,student,3.0,0,handgun,Unknown,39.668622,-75.584879,128.0,9,12,488.0,New Castle County,21.0,0
Booker T. Washington High School,Kipp Booker T Washington,1/10/2023,2022-2023,2023,15:30:00,Tuesday,New Orleans,Louisiana,public,736,0,1,1,targeted,19,,Unknown,Unknown,3.0,0,Unknown,Unknown,29.94991,-90.08925,56.0,9,12,583.0,Orleans Parish,11.0,0
Plaza Academy,Unknown,1/24/2023,2022-2023,2023,12:34:00,Tuesday,Kansas City,Missouri,private,50,0,1,1,targeted,19,,Unknown,Unknown,3.0,0,Unknown,Unknown,39.0554877,-94.59127529,55.3,9,12,488.0,Jackson County,11.0,0
Taylorsville High School,Granite District,1/26/2023,2022-2023,2023,,Thursday,Taylorsville,Utah,public,2764,0,0,0,targeted,19,,Unknown,student,3.0,0,Unknown,Unknown,40.655508,-111.936978,102.81,9,12,1127.0,Salt Lake County,21.0,0
Gila Ridge High School,Yuma Union High School District,1/30/2023,2022-2023,2023,08:30:00,Monday,Yuma,Arizona,public,2158,0,2,2,unclear,19,,Unknown,Unknown,3.0,0,Unknown,Unknown,32.6857,-114.5107,83.7,9,12,1208.0,Yuma County,41.0,0
Geary Elementary School,Geary,1/31/2023,2022-2023,2023,,Tuesday,Geary,Oklahoma,public,149,0,0,0,accidental,19,,Unknown,parent of student,3.0,0,rifle,legally purchased by shooter,35.629468,-98.324487,15.2,PK,5,130.0,Blaine County,43.0,0
Ridgeview Jr. High School,Ridgeview Cusd 19,2/2/2023,2022-2023,2023,10:00:00,Thursday,Pickerington,Ohio,public,143,0,0,0,targeted,19,m,Unknown,Unknown,3.0,0,Unknown,Unknown,40.5638,-88.6136,6.7,6,10,60.0,Mclean County,42.0,0
PS 78,New York City Geographic District #31,2/13/2023,2022-2023,2023,12:35:00,Monday,Staten Island,New York,public,594,0,0,0,unclear,19,,Unknown,Unknown,3.0,0,Unknown,Unknown,40.6223,-74.0787,54.14,PK,5,569.0,Richmond County,11.0,0
Dalhart ISD schools,Dalhart ISD,2/13/2023,2022-2023,2023,12:00:00,Monday,Dalhart,Texas,public,1735,1,0,1,accidental,19,,Unknown,Unknown,3.0,0,Unknown,Unknown,36.047164,-102.499399,128.91,PK,12,1162.0,Hartley County,41.0,0
Westinghouse Academy,Pittsburgh Sd,2/14/2023,2022-2023,2023,,Tuesday,Pittsburgh,Pennsylvania,public,679,0,4,4,unclear,19,,Unknown,Unknown,3.0,0,Unknown,Unknown,40.4609,-79.9012,63.7,6,12,676.0,Allegheny County,11.0,0
Palo Duro High School,Amarillo Isd,3/6/2023,2022-2023,2023,14:00:00,Monday,Amarillo,Texas,public,1895,0,1,1,unclear,19,,Unknown,Unknown,3.0,0,Unknown,Unknown,35.228498,-101.824434,131.0,9,12,1499.0,Potter County,12.0,0
Lamar High School,Arlington Isd,3/20/2023,2022-2023,2023,06:55:00,Monday,Arlington,Texas,public,"2,541",1,1,2,unclear,19,m,Unknown,student,3.0,0,Unknown,Unknown,32.763804,-97.125993,166.97,9,12,1820.0,Tarrant County,11.0,0
Anniston High School,Anniston City,3/22/2023,2022-2023,2023,12:45:00,Wednesday,Anniston,Alabama,public,450,0,1,1,accidental,19,,Unknown,student,3.0,0,Unknown,Unknown,33.6612,-85.82,25.5,9,12,387.0,Calhoun County,13.0,0
East High School,School District NO. 1 In The County Of Denver And State Of Colorado,3/22/2023,2022-2023,2023,09:55:00,Wednesday,Denver,Colorado,public,2589,0,2,2,targeted,17,m,b,student,1.0,0,ghost gun,Unknown,39.7416,-104.9557,123.63,9,12,743.0,Denver County,11.0,0
Northridge Middle School,Middlebury Community Schools,3/24/2023,2022-2023,2023,,Friday,Middlebury,Indiana,public,1002,0,0,0,public suicide,19,,Unknown,staff member,1.0,0,Unknown,Unknown,41.672866,-85.726857,68.5,6,8,266.0,Elkhart County,41.0,0
The Covenant School,Unknown,3/27/2023,2022-2023,2023,10:13:00,Monday,Nashville,Tennessee,private,200,6,0,6,indiscriminate,28,f,w,former student,1.0,0,Unknown,Unknown,36.09286762,-86.82526612,15.0,PK,6,488.0,Davidson County,11.0,0
George Wythe High School,Richmond City Pblc Schs,4/27/2023,2022-2023,2023,12:02:00,Thursday,Richmond,Virginia,public,1296,0,2,2,targeted,18,m,Unknown,student,3.0,0,Unknown,Unknown,37.510274,-77.483075,71.84,9,12,1116.0,Richmond City,12.0,0
West High School,Knox County,4/28/2023,2022-2023,2023,09:20:00,Friday,Knoxville,Tennessee,public,1525,0,1,1,accidental,14,m,Unknown,student,3.0,0,handgun,Unknown,35.9485,-83.973,85.5,9,12,303.0,Knox County,12.0,0
International Academy of Flint K12,International Academy of Flint,5/2/2023,2022-2023,2023,15:30:00,Tuesday,Flint,Michigan,public,927,0,1,1,targeted,27,f,Unknown,parent,3.0,0,Unknown,Unknown,42.9966,-83.6785,49.0,PK,12,787.0,Genesee County,13.0,0
Von Tobel Ed MS,Clark County School District,5/8/2023,2022-2023,2023,12:30:00,Monday,Las Vegas,Nevada,public,"1,051",0,1,1,accidental,18,m,Unknown,Unknown,3.0,0,Unknown,Unknown,36.20418,-115.097412,55.3,6,8,1051.0,Clark County,21.0,0
E. Washington Rhodes Elementary School,Philadelphia City Sd,5/8/2023,2022-2023,2023,11:30:00,Monday,Philadelphia,Pennsylvania,public,406,0,0,0,accidental,19,,Unknown,student,3.0,0,Unknown,Unknown,40.0028,-75.1781,41.37,KG,8,403.0,Philadelphia County,11.0,0
Roosevelt High School,District Of Columbia Public Schools,5/17/2023,2022-2023,2023,14:25:00,Wednesday,Washington,District of Columbia,public,797,1,0,1,unclear,19,,Unknown,Unknown,3.0,0,Unknown,Unknown,38.942971,-77.029177,67.9,9,12,392.0,District Of Columbia,11.0,0
St. John's Prep,Unknown,5/22/2023,2022-2023,2023,,Monday,Danvers,Massachusetts,private,1446,0,0,0,accidental,19,m,Unknown,police officer,3.0,0,Unknown,Unknown,42.5826821,-70.95260296,176.3,6,12,488.0,Essex County,21.0,0
Oliver Citywide Academy,Pittsburgh Sd,5/24/2023,2022-2023,2023,07:30:00,Wednesday,Pittsburgh,Pennsylvania,public,106,1,0,1,targeted,15,m,Unknown,student,3.0,0,Unknown,Unknown,40.464327,-80.024121,22.63,3,12,88.0,Allegheny County,11.0,0
Michigan Collegiate High School,Conner Creek Academy East,6/5/2023,2022-2023,2023,14:40:00,Monday,Warren,Michigan,public,643,0,0,0,targeted,22,m,b,associate of student,3.0,0,handgun,Unknown,42.522585,-83.066681,24.84,6,12,595.0,Macomb County,12.0,0
